UF,ID_OEMA,CIDADE,ID_MMA,ID_MMA_COMPLETO,POLUENTE,COD_POLUENTE,CD_MUN,COD_UF_IBGE,PROPRIETARIO,PROP_ENTIDADE,OPERADOR,OP_ENTIDADE,LATITUDE,LONGITUDE,MOBILIDADE,CATEGORIA,FUNCIONAMENTO,METODO,MARCA,FINALIDADE,MONITORAR,FONTE,CALIBRACAO,REALOCACAO,OBS_CALIBRACAO,DADOS_MONITORAMENTO,RECONHECIDA,OBS_GERAIS,CERTIFICACAO,REP_ESPACIAL_DECLARADA,INICIO,FIM,STATUS,REP_ESPACIAL
BA,CAMARA,Camaçari,BA0001,BA0001ND001,MP10,001,2905701,29,,,,,-12.70603,-38.321377,,N,D,,,,Sim,Consulta Interna,,,,Sim,,,,,,,Ativa,
BA,CAMARA,Camaçari,BA0001,BA0001ND007,CO,007,2905701,29,,,,,-12.70603,-38.321377,,N,D,,,,Sim,Consulta Interna,,,,Sim,,,,,,,Ativa,
BA,CAMARA,Camaçari,BA0001,BA0001ND005,O3,005,2905701,29,,,,,-12.70603,-38.321377,,N,D,,,,Sim,Consulta Interna,,,,Sim,,,,,,,Ativa,
BA,CAMARA,Camaçari,BA0001,BA0001ND003,SO2,003,2905701,29,,,,,-12.70603,-38.321377,,N,D,,,,Sim,Consulta Interna,,,,Sim,,,,,,,Ativa,
BA,CAMARA,Camaçari,BA0001,BA0001ND004,NO2,004,2905701,29,,,,,-12.70603,-38.321377,,N,D,,,,Sim,Consulta Interna,,,,Sim,,,,,,,Ativa,
BA,CAMARA,Camaçari,BA0001,BA0001ND002,MP25,002,2905701,29,,,,,-12.70603,-38.321377,,N,D,,,,Sim,Consulta Interna,,,,Sim,,,,,,,Ativa,
BA,COBRE,Dias d'Ávila,BA0002,BA0002ND001,MP10,001,2910057,29,,,,,-12.630256,-38.358528,,N,D,,,,Sim,Consulta Interna,,,,Sim,,,,,,,Ativa,
BA,COBRE,Dias d'Ávila,BA0002,BA0002ND007,CO,007,2910057,29,,,,,-12.630256,-38.358528,,N,D,,,,Sim,Consulta Interna,,,,Sim,,,,,,,Ativa,
BA,COBRE,Dias d'Ávila,BA0002,BA0002ND005,O3,005,2910057,29,,,,,-12.630256,-38.358528,,N,D,,,,Sim,Consulta Interna,,,,Sim,,,,,,,Ativa,
BA,COBRE,Dias d'Ávila,BA0002,BA0002ND003,SO2,003,2910057,29,,,,,-12.630256,-38.358528,,N,D,,,,Sim,Consulta Interna,,,,Sim,,,,,,,Ativa,
BA,COBRE,Dias d'Ávila,BA0002,BA0002ND004,NO2,004,2910057,29,,,,,-12.630256,-38.358528,,N,D,,,,Sim,Consulta Interna,,,,Sim,,,,,,,Ativa,
BA,COBRE,Dias d'Ávila,BA0002,BA0002ND002,MP25,002,2910057,29,,,,,-12.630256,-38.358528,,N,D,,,,Sim,Consulta Interna,,,,Sim,,,,,,,Ativa,
BA,GRAVATA,Camaçari,BA0003,BA0003ND001,MP10,001,2905701,29,,,,,-12.686376,-38.333604,,N,D,,,,Sim,Consulta Interna,,,,Sim,,,,,,,Ativa,
BA,GRAVATA,Camaçari,BA0003,BA0003ND007,CO,007,2905701,29,,,,,-12.686376,-38.333604,,N,D,,,,Sim,Consulta Interna,,,,Sim,,,,,,,Ativa,
BA,GRAVATA,Camaçari,BA0003,BA0003ND005,O3,005,2905701,29,,,,,-12.686376,-38.333604,,N,D,,,,Sim,Consulta Interna,,,,Sim,,,,,,,Ativa,
BA,GRAVATA,Camaçari,BA0003,BA0003ND003,SO2,003,2905701,29,,,,,-12.686376,-38.333604,,N,D,,,,Sim,Consulta Interna,,,,Sim,,,,,,,Ativa,
BA,GRAVATA,Camaçari,BA0003,BA0003ND004,NO2,004,2905701,29,,,,,-12.686376,-38.333604,,N,D,,,,Sim,Consulta Interna,,,,Sim,,,,,,,Ativa,
BA,GRAVATA,Camaçari,BA0003,BA0003ND002,MP25,002,2905701,29,,,,,-12.686376,-38.333604,,N,D,,,,Sim,Consulta Interna,,,,Sim,,,,,,,Ativa,
BA,LAMARAO,São Sebastião do Passé,BA0004,BA0004ND001,MP10,001,2929503,29,,,,,-12.595482,-38.398561,,N,D,,,,Sim,Consulta Interna,,,,Sim,,,,,,,Ativa,
BA,LAMARAO,São Sebastião do Passé,BA0004,BA0004ND007,CO,007,2929503,29,,,,,-12.595482,-38.398561,,N,D,,,,Sim,Consulta Interna,,,,Sim,,,,,,,Ativa,
BA,LAMARAO,São Sebastião do Passé,BA0004,BA0004ND005,O3,005,2929503,29,,,,,-12.595482,-38.398561,,N,D,,,,Sim,Consulta Interna,,,,Sim,,,,,,,Ativa,
BA,LAMARAO,São Sebastião do Passé,BA0004,BA0004ND003,SO2,003,2929503,29,,,,,-12.595482,-38.398561,,N,D,,,,Sim,Consulta Interna,,,,Sim,,,,,,,Ativa,
BA,LAMARAO,São Sebastião do Passé,BA0004,BA0004ND004,NO2,004,2929503,29,,,,,-12.595482,-38.398561,,N,D,,,,Sim,Consulta Interna,,,,Sim,,,,,,,Ativa,
BA,LAMARAO,São Sebastião do Passé,BA0004,BA0004ND002,MP25,002,2929503,29,,,,,-12.595482,-38.398561,,N,D,,,,Sim,Consulta Interna,,,,Sim,,,,,,,Ativa,
BA,MACHADINHO,Camaçari,BA0005,BA0005ND001,MP10,001,2905701,29,,,,,-12.756957,-38.28408,,N,D,,,,Sim,Consulta Interna,,,,Sim,,,,,,,Ativa,
BA,MACHADINHO,Camaçari,BA0005,BA0005ND007,CO,007,2905701,29,,,,,-12.756957,-38.28408,,N,D,,,,Sim,Consulta Interna,,,,Sim,,,,,,,Ativa,
BA,MACHADINHO,Camaçari,BA0005,BA0005ND005,O3,005,2905701,29,,,,,-12.756957,-38.28408,,N,D,,,,Sim,Consulta Interna,,,,Sim,,,,,,,Ativa,
BA,MACHADINHO,Camaçari,BA0005,BA0005ND003,SO2,003,2905701,29,,,,,-12.756957,-38.28408,,N,D,,,,Sim,Consulta Interna,,,,Sim,,,,,,,Ativa,
BA,MACHADINHO,Camaçari,BA0005,BA0005ND004,NO2,004,2905701,29,,,,,-12.756957,-38.28408,,N,D,,,,Sim,Consulta Interna,,,,Sim,,,,,,,Ativa,
BA,MACHADINHO,Camaçari,BA0005,BA0005ND002,MP25,002,2905701,29,,,,,-12.756957,-38.28408,,N,D,,,,Sim,Consulta Interna,,,,Sim,,,,,,,Ativa,
BA,ESCOLA,Dias d'Ávila,BA0006,BA0006ND001,MP10,001,2910057,29,,,,,-12.635318,-38.273178,,N,D,,,,Sim,Consulta Interna,,,,Sim,,,,,,,Ativa,
BA,ESCOLA,Dias d'Ávila,BA0006,BA0006ND007,CO,007,2910057,29,,,,,-12.635318,-38.273178,,N,D,,,,Sim,Consulta Interna,,,,Sim,,,,,,,Ativa,
BA,ESCOLA,Dias d'Ávila,BA0006,BA0006ND005,O3,005,2910057,29,,,,,-12.635318,-38.273178,,N,D,,,,Sim,Consulta Interna,,,,Sim,,,,,,,Ativa,
BA,ESCOLA,Dias d'Ávila,BA0006,BA0006ND003,SO2,003,2910057,29,,,,,-12.635318,-38.273178,,N,D,,,,Sim,Consulta Interna,,,,Sim,,,,,,,Ativa,
BA,ESCOLA,Dias d'Ávila,BA0006,BA0006ND004,NO2,004,2910057,29,,,,,-12.635318,-38.273178,,N,D,,,,Sim,Consulta Interna,,,,Sim,,,,,,,Ativa,
BA,ESCOLA,Dias d'Ávila,BA0006,BA0006ND002,MP25,002,2910057,29,,,,,-12.635318,-38.273178,,N,D,,,,Sim,Consulta Interna,,,,Sim,,,,,,,Ativa,
BA,CONCORDIA,Dias d'Ávila,BA0007,BA0007ND001,MP10,001,2910057,29,,,,,-12.604052,-38.325606,,N,D,,,,Sim,Consulta Interna,,,,Sim,,,,,,,Ativa,
BA,CONCORDIA,Dias d'Ávila,BA0007,BA0007ND007,CO,007,2910057,29,,,,,-12.604052,-38.325606,,N,D,,,,Sim,Consulta Interna,,,,Sim,,,,,,,Ativa,
BA,CONCORDIA,Dias d'Ávila,BA0007,BA0007ND005,O3,005,2910057,29,,,,,-12.604052,-38.325606,,N,D,,,,Sim,Consulta Interna,,,,Sim,,,,,,,Ativa,
BA,CONCORDIA,Dias d'Ávila,BA0007,BA0007ND003,SO2,003,2910057,29,,,,,-12.604052,-38.325606,,N,D,,,,Sim,Consulta Interna,,,,Sim,,,,,,,Ativa,
BA,CONCORDIA,Dias d'Ávila,BA0007,BA0007ND004,NO2,004,2910057,29,,,,,-12.604052,-38.325606,,N,D,,,,Sim,Consulta Interna,,,,Sim,,,,,,,Ativa,
BA,CONCORDIA,Dias d'Ávila,BA0007,BA0007ND002,MP25,002,2910057,29,,,,,-12.604052,-38.325606,,N,D,,,,Sim,Consulta Interna,,,,Sim,,,,,,,Ativa,
BA,LEANDRINHO,Dias d'Ávila,BA0008,BA0008ND001,MP10,001,2910057,29,,,,,-12.641589,-38.374871,,N,D,,,,Sim,Consulta Interna,,,,Sim,,,,,,,Ativa,
BA,LEANDRINHO,Dias d'Ávila,BA0008,BA0008ND007,CO,007,2910057,29,,,,,-12.641589,-38.374871,,N,D,,,,Sim,Consulta Interna,,,,Sim,,,,,,,Ativa,
BA,LEANDRINHO,Dias d'Ávila,BA0008,BA0008ND005,O3,005,2910057,29,,,,,-12.641589,-38.374871,,N,D,,,,Sim,Consulta Interna,,,,Sim,,,,,,,Ativa,
BA,LEANDRINHO,Dias d'Ávila,BA0008,BA0008ND003,SO2,003,2910057,29,,,,,-12.641589,-38.374871,,N,D,,,,Sim,Consulta Interna,,,,Sim,,,,,,,Ativa,
BA,LEANDRINHO,Dias d'Ávila,BA0008,BA0008ND004,NO2,004,2910057,29,,,,,-12.641589,-38.374871,,N,D,,,,Sim,Consulta Interna,,,,Sim,,,,,,,Ativa,
BA,LEANDRINHO,Dias d'Ávila,BA0008,BA0008ND002,MP25,002,2910057,29,,,,,-12.641589,-38.374871,,N,D,,,,Sim,Consulta Interna,,,,Sim,,,,,,,Ativa,
BA,FUTURAMAI,Dias d'Ávila,BA0009,BA0009ND001,MP10,001,2910057,29,,,,,-12.668989,-38.371572,,N,D,,,,Sim,Consulta Interna,,,,Sim,,,,,,,Ativa,
BA,FUTURAMAI,Dias d'Ávila,BA0009,BA0009ND007,CO,007,2910057,29,,,,,-12.668989,-38.371572,,N,D,,,,Sim,Consulta Interna,,,,Sim,,,,,,,Ativa,
BA,FUTURAMAI,Dias d'Ávila,BA0009,BA0009ND005,O3,005,2910057,29,,,,,-12.668989,-38.371572,,N,D,,,,Sim,Consulta Interna,,,,Sim,,,,,,,Ativa,
BA,FUTURAMAI,Dias d'Ávila,BA0009,BA0009ND003,SO2,003,2910057,29,,,,,-12.668989,-38.371572,,N,D,,,,Sim,Consulta Interna,,,,Sim,,,,,,,Ativa,
BA,FUTURAMAI,Dias d'Ávila,BA0009,BA0009ND004,NO2,004,2910057,29,,,,,-12.668989,-38.371572,,N,D,,,,Sim,Consulta Interna,,,,Sim,,,,,,,Ativa,
BA,FUTURAMAI,Dias d'Ávila,BA0009,BA0009ND002,MP25,002,2910057,29,,,,,-12.668989,-38.371572,,N,D,,,,Sim,Consulta Interna,,,,Sim,,,,,,,Ativa,
BA,BOTELHO,Salvador,BA0010,BA0010ND001,MP10,001,2927408,29,,,,,-12.782422,-38.515554,,N,D,,,,Sim,Consulta Interna,,,,Sim,,,,,,,Ativa,
BA,BOTELHO,Salvador,BA0010,BA0010ND007,CO,007,2927408,29,,,,,-12.782422,-38.515554,,N,D,,,,Sim,Consulta Interna,,,,Sim,,,,,,,Ativa,
BA,BOTELHO,Salvador,BA0010,BA0010ND005,O3,005,2927408,29,,,,,-12.782422,-38.515554,,N,D,,,,Sim,Consulta Interna,,,,Sim,,,,,,,Ativa,
BA,BOTELHO,Salvador,BA0010,BA0010ND003,SO2,003,2927408,29,,,,,-12.782422,-38.515554,,N,D,,,,Sim,Consulta Interna,,,,Sim,,,,,,,Ativa,
BA,BOTELHO,Salvador,BA0010,BA0010ND004,NO2,004,2927408,29,,,,,-12.782422,-38.515554,,N,D,,,,Sim,Consulta Interna,,,,Sim,,,,,,,Ativa,
BA,BOTELHO,Salvador,BA0010,BA0010ND002,MP25,002,2927408,29,,,,,-12.782422,-38.515554,,N,D,,,,Sim,Consulta Interna,,,,Sim,,,,,,,Ativa,
BA,MALEMBA,Candeias,BA0011,BA0011ND001,MP10,001,2906501,29,,,,,-12.679219,-38.544115,,N,D,,,,Sm,Consulta Interna,,,,Sim,,,,,,,Ativa,
BA,MALEMBA,Candeias,BA0011,BA0011ND007,CO,007,2906501,29,,,,,-12.679219,-38.544115,,N,D,,,,Sm,Consulta Interna,,,,Sim,,,,,,,Ativa,
BA,MALEMBA,Candeias,BA0011,BA0011ND005,O3,005,2906501,29,,,,,-12.679219,-38.544115,,N,D,,,,Sm,Consulta Interna,,,,Sim,,,,,,,Ativa,
BA,MALEMBA,Candeias,BA0011,BA0011ND003,SO2,003,2906501,29,,,,,-12.679219,-38.544115,,N,D,,,,Sm,Consulta Interna,,,,Sim,,,,,,,Ativa,
BA,MALEMBA,Candeias,BA0011,BA0011ND004,NO2,004,2906501,29,,,,,-12.679219,-38.544115,,N,D,,,,Sm,Consulta Interna,,,,Sim,,,,,,,Ativa,
BA,MALEMBA,Candeias,BA0011,BA0011ND002,MP25,002,2906501,29,,,,,-12.679219,-38.544115,,N,D,,,,Sm,Consulta Interna,,,,Sim,,,,,,,Ativa,
BA,AREIASII,Camaçari,BA0012,BA0012ND001,MP10,001,2905701,29,,,,,-12.801583,-38.220998,,N,D,,,,Sim,Consulta Interna,,,,Sim,,,,,,,Ativa,
BA,AREIASII,Camaçari,BA0012,BA0012ND007,CO,007,2905701,29,,,,,-12.801583,-38.220998,,N,D,,,,Sim,Consulta Interna,,,,Sim,,,,,,,Ativa,
BA,AREIASII,Camaçari,BA0012,BA0012ND005,O3,005,2905701,29,,,,,-12.801583,-38.220998,,N,D,,,,Sim,Consulta Interna,,,,Sim,,,,,,,Ativa,
BA,AREIASII,Camaçari,BA0012,BA0012ND003,SO2,003,2905701,29,,,,,-12.801583,-38.220998,,N,D,,,,Sim,Consulta Interna,,,,Sim,,,,,,,Ativa,
BA,AREIASII,Camaçari,BA0012,BA0012ND004,NO2,004,2905701,29,,,,,-12.801583,-38.220998,,N,D,,,,Sim,Consulta Interna,,,,Sim,,,,,,,Ativa,
BA,AREIASII,Camaçari,BA0012,BA0012ND002,MP25,002,2905701,29,,,,,-12.801583,-38.220998,,N,D,,,,Sim,Consulta Interna,,,,Sim,,,,,,,Ativa,
BA,CABOTO,Candeias,BA0013,BA0013ND001,MP10,001,2906501,29,,,,,-12.753253,-38.502325,,N,D,,,,Sim,Consulta Interna,,,,Sim,,,,,,,Ativa,
BA,CABOTO,Candeias,BA0013,BA0013ND007,CO,007,2906501,29,,,,,-12.753253,-38.502325,,N,D,,,,Sim,Consulta Interna,,,,Sim,,,,,,,Ativa,
BA,CABOTO,Candeias,BA0013,BA0013ND005,O3,005,2906501,29,,,,,-12.753253,-38.502325,,N,D,,,,Sim,Consulta Interna,,,,Sim,,,,,,,Ativa,
BA,CABOTO,Candeias,BA0013,BA0013ND003,SO2,003,2906501,29,,,,,-12.753253,-38.502325,,N,D,,,,Sim,Consulta Interna,,,,Sim,,,,,,,Ativa,
BA,CABOTO,Candeias,BA0013,BA0013ND004,NO2,004,2906501,29,,,,,-12.753253,-38.502325,,N,D,,,,Sim,Consulta Interna,,,,Sim,,,,,,,Ativa,
BA,CABOTO,Candeias,BA0013,BA0013ND002,MP25,002,2906501,29,,,,,-12.753253,-38.502325,,N,D,,,,Sim,Consulta Interna,,,,Sim,,,,,,,Ativa,
BA,GAMBOA,Candeias,BA0014,BA0014ND001,MP10,001,2906501,29,,,,,-12.735928,-38.517042,,N,D,,,,Sim,Consulta Interna,,,,Sim,,,,,,,Ativa,
BA,GAMBOA,Candeias,BA0014,BA0014ND007,CO,007,2906501,29,,,,,-12.735928,-38.517042,,N,D,,,,Sim,Consulta Interna,,,,Sim,,,,,,,Ativa,
BA,GAMBOA,Candeias,BA0014,BA0014ND005,O3,005,2906501,29,,,,,-12.735928,-38.517042,,N,D,,,,Sim,Consulta Interna,,,,Sim,,,,,,,Ativa,
BA,GAMBOA,Candeias,BA0014,BA0014ND003,SO2,003,2906501,29,,,,,-12.735928,-38.517042,,N,D,,,,Sim,Consulta Interna,,,,Sim,,,,,,,Ativa,
BA,GAMBOA,Candeias,BA0014,BA0014ND004,NO2,004,2906501,29,,,,,-12.735928,-38.517042,,N,D,,,,Sim,Consulta Interna,,,,Sim,,,,,,,Ativa,
BA,GAMBOA,Candeias,BA0014,BA0014ND002,MP25,002,2906501,29,,,,,-12.735928,-38.517042,,N,D,,,,Sim,Consulta Interna,,,,Sim,,,,,,,Ativa,
ES,EMQAR - RGV1 - Laranjeiras,Serra,ES0005,ES0005RA001,MP10,001,3205002,32,IEMA,Pública,Aires Serviços Ambientais,Privada,-20.196226,-40.245171,Fixa,Referência,Automático,Atenuação Beta (MP),,"Extensão da poluição, Fornecer dados, Apoiar metas, Eficácia das estratégias, Informação sobre tendencias, Pesquisa",Sim,Consulta 2025,Mensal,Não,Checagem a cada 15 dias e calibração obrigatória mensalmente,,,,,Bairro,2000/2001,,Sim,
ES,EMQAR - RGV1 - Laranjeiras,Serra,ES0005,ES0005RA017,NO,017,3205002,32,IEMA,Pública,Aires Serviços Ambientais,Privada,-20.196226,-40.245171,Fixa,Referência,Automático,,,"Extensão da poluição, Fornecer dados, Apoiar metas, Eficácia das estratégias, Informação sobre tendencias, Pesquisa",Sim,Consulta 2025,Mensal,Não,Checagem a cada 15 dias e calibração obrigatória mensalmente,,,,,Bairro,2000/2001,,Sim,
ES,EMQAR - RGV1 - Laranjeiras,Serra,ES0005,ES0005RA007,CO,007,3205002,32,IEMA,Pública,Aires Serviços Ambientais,Privada,-20.196226,-40.245171,Fixa,Referência,Automático,Fotometria Infravermelha Não-Dispersivo _NDIR (CO),Horiba(CO),"Extensão da poluição, Fornecer dados, Apoiar metas, Eficácia das estratégias, Informação sobre tendencias, Pesquisa",Sim,Consulta 2025,Mensal,Não,Checagem a cada 15 dias e calibração obrigatória mensalmente,,,,,Bairro,2000/2001,,Sim,
ES,EMQAR - RGV1 - Laranjeiras,Serra,ES0005,ES0005RA008,PTS,008,3205002,32,IEMA,Pública,Aires Serviços Ambientais,Privada,-20.196226,-40.245171,Fixa,Referência,Automático,Atenuação Beta (MP),,"Extensão da poluição, Fornecer dados, Apoiar metas, Eficácia das estratégias, Informação sobre tendencias, Pesquisa",Sim,Consulta 2025,Mensal,Não,Checagem a cada 15 dias e calibração obrigatória mensalmente,,,,,Bairro,2000/2001,,Sim,
ES,EMQAR - RGV1 - Laranjeiras,Serra,ES0005,ES0005RA005,O3,005,3205002,32,IEMA,Pública,Aires Serviços Ambientais,Privada,-20.196226,-40.245171,Fixa,Referência,Automático,absorção ultravioleta (O3),,"Extensão da poluição, Fornecer dados, Apoiar metas, Eficácia das estratégias, Informação sobre tendencias, Pesquisa",Sim,Consulta 2025,Mensal,Não,Checagem a cada 15 dias e calibração obrigatória mensalmente,,,,,Bairro,2000/2001,,Sim,
ES,EMQAR - RGV1 - Laranjeiras,Serra,ES0005,ES0005RA003,SO2,003,3205002,32,IEMA,Pública,Aires Serviços Ambientais,Privada,-20.196226,-40.245171,Fixa,Referência,Automático,Fluorescência de radios Ultravioleta (SO2),,"Extensão da poluição, Fornecer dados, Apoiar metas, Eficácia das estratégias, Informação sobre tendencias, Pesquisa",Sim,Consulta 2025,Mensal,Não,Checagem a cada 15 dias e calibração obrigatória mensalmente,,,,,Bairro,2000/2001,,Sim,
ES,EMQAR - RGV1 - Laranjeiras,Serra,ES0005,ES0005RA004,NO2,004,3205002,32,IEMA,Pública,Aires Serviços Ambientais,Privada,-20.196226,-40.245171,Fixa,Referência,Automático,,,"Extensão da poluição, Fornecer dados, Apoiar metas, Eficácia das estratégias, Informação sobre tendencias, Pesquisa",Sim,Consulta 2025,Mensal,Não,Checagem a cada 15 dias e calibração obrigatória mensalmente,,,,,Bairro,2000/2001,,Sim,
ES,EMQAR - RGV1 - Laranjeiras,Serra,ES0005,ES0005RA018,NOX,018,3205002,32,IEMA,Pública,Aires Serviços Ambientais,Privada,-20.196226,-40.245171,Fixa,Referência,Automático,,,"Extensão da poluição, Fornecer dados, Apoiar metas, Eficácia das estratégias, Informação sobre tendencias, Pesquisa",Sim,Consulta 2025,Mensal,Não,Checagem a cada 15 dias e calibração obrigatória mensalmente,,,,,Bairro,2000/2001,,Sim,
ES,EMQAR - RGV1 - Laranjeiras,Serra,ES0005,ES0005RA002,MP25,002,3205002,32,IEMA,Pública,Aires Serviços Ambientais,Privada,-20.196226,-40.245171,Fixa,Referência,Automático,Atenuação Beta (MP),,"Extensão da poluição, Fornecer dados, Apoiar metas, Eficácia das estratégias, Informação sobre tendencias, Pesquisa",Sim,Consulta 2025,Mensal,Não,Checagem a cada 15 dias e calibração obrigatória mensalmente,,,,,Bairro,2000/2001,,Sim,
ES,EMQAR - RGV2 - Carapina,Serra,ES0001,ES0001RA001,MP10,001,3205002,32,IEMA,Pública,Aires Serviços Ambientais,Privada,-20.232233,-40.254884,Fixa,Referência,Automático,Atenuação Beta (MP),,"Extensão da poluição, Fornecer dados, Apoiar metas, Eficácia das estratégias, Informação sobre tendencias, Pesquisa",Sim,Consulta 2025,Mensal,Não,Checagem a cada 15 dias e calibração obrigatória mensalmente,,,,,Bairro,2000/2002,,Sim,
ES,EMQAR - RGV2 - Carapina,Serra,ES0001,ES0001RA008,PTS,008,3205002,32,IEMA,Pública,Aires Serviços Ambientais,Privada,-20.232233,-40.254884,Fixa,Referência,Automático,Atenuação Beta (MP),,"Extensão da poluição, Fornecer dados, Apoiar metas, Eficácia das estratégias, Informação sobre tendencias, Pesquisa",Sim,Consulta 2025,Mensal,Não,Checagem a cada 15 dias e calibração obrigatória mensalmente,,,,,Bairro,2000/2002,,Sim,
ES,EMQAR - RGV2 - Carapina,Serra,ES0001,ES0001RA002,MP25,002,3205002,32,IEMA,Pública,Aires Serviços Ambientais,Privada,-20.232233,-40.254884,Fixa,Referência,Automático,Atenuação Beta (MP),,"Extensão da poluição, Fornecer dados, Apoiar metas, Eficácia das estratégias, Informação sobre tendencias, Pesquisa",Sim,Consulta 2025,Mensal,Não,Checagem a cada 15 dias e calibração obrigatória mensalmente,,,,,Bairro,2000/2002,,Sim,
ES,EMQAR - RGV3 - Jardim Camburi,Vitória,ES0004,ES0004RA001,MP10,001,3205309,32,IEMA,Pública,Aires Serviços Ambientais,Privada,-20.255067,-40.269631,Fixa,Referência,Automático,Atenuação Beta (MP),,"Extensão da poluição, Fornecer dados, Apoiar metas, Eficácia das estratégias, Informação sobre tendencias, Pesquisa",Sim,Consulta 2025,Mensal,Não,Checagem a cada 15 dias e calibração obrigatória mensalmente,,,,,Mesoescala,2000/2003,,Sim,
ES,EMQAR - RGV3 - Jardim Camburi,Vitória,ES0004,ES0004RA017,NO,017,3205309,32,IEMA,Pública,Aires Serviços Ambientais,Privada,-20.255067,-40.269631,Fixa,Referência,Automático,,,"Extensão da poluição, Fornecer dados, Apoiar metas, Eficácia das estratégias, Informação sobre tendencias, Pesquisa",Sim,Consulta 2025,Mensal,Não,Checagem a cada 15 dias e calibração obrigatória mensalmente,,,,,Mesoescala,2000/2003,,Sim,
ES,EMQAR - RGV3 - Jardim Camburi,Vitória,ES0004,ES0004RA008,PTS,008,3205309,32,IEMA,Pública,Aires Serviços Ambientais,Privada,-20.255067,-40.269631,Fixa,Referência,Automático,Atenuação Beta (MP),,"Extensão da poluição, Fornecer dados, Apoiar metas, Eficácia das estratégias, Informação sobre tendencias, Pesquisa",Sim,Consulta 2025,Mensal,Não,Checagem a cada 15 dias e calibração obrigatória mensalmente,,,,,Mesoescala,2000/2003,,Sim,
ES,EMQAR - RGV3 - Jardim Camburi,Vitória,ES0004,ES0004RA003,SO2,003,3205309,32,IEMA,Pública,Aires Serviços Ambientais,Privada,-20.255067,-40.269631,Fixa,Referência,Automático,Fluorescência de radios Ultravioleta (SO2),,"Extensão da poluição, Fornecer dados, Apoiar metas, Eficácia das estratégias, Informação sobre tendencias, Pesquisa",Sim,Consulta 2025,Mensal,Não,Checagem a cada 15 dias e calibração obrigatória mensalmente,,,,,Mesoescala,2000/2003,,Sim,
ES,EMQAR - RGV3 - Jardim Camburi,Vitória,ES0004,ES0004RA004,NO2,004,3205309,32,IEMA,Pública,Aires Serviços Ambientais,Privada,-20.255067,-40.269631,Fixa,Referência,Automático,,,"Extensão da poluição, Fornecer dados, Apoiar metas, Eficácia das estratégias, Informação sobre tendencias, Pesquisa",Sim,Consulta 2025,Mensal,Não,Checagem a cada 15 dias e calibração obrigatória mensalmente,,,,,Mesoescala,2000/2003,,Sim,
ES,EMQAR - RGV3 - Jardim Camburi,Vitória,ES0004,ES0004RA018,NOX,018,3205309,32,IEMA,Pública,Aires Serviços Ambientais,Privada,-20.255067,-40.269631,Fixa,Referência,Automático,,,"Extensão da poluição, Fornecer dados, Apoiar metas, Eficácia das estratégias, Informação sobre tendencias, Pesquisa",Sim,Consulta 2025,Mensal,Não,Checagem a cada 15 dias e calibração obrigatória mensalmente,,,,,Mesoescala,2000/2003,,Sim,
ES,EMQAR - RGV3 - Jardim Camburi,Vitória,ES0004,ES0004RA002,MP25,002,3205309,32,IEMA,Pública,Aires Serviços Ambientais,Privada,-20.255067,-40.269631,Fixa,Referência,Automático,Atenuação Beta (MP),,"Extensão da poluição, Fornecer dados, Apoiar metas, Eficácia das estratégias, Informação sobre tendencias, Pesquisa",Sim,Consulta 2025,Mensal,Não,Checagem a cada 15 dias e calibração obrigatória mensalmente,,,,,Mesoescala,2000/2003,,Sim,
ES,EMQAR - RGV4 - Enseada do Suá,Vitória,ES0003,ES0003RA001,MP10,001,3205309,32,IEMA,Pública,Aires Serviços Ambientais,Privada,-20.313348,-40.290705,Fixa,Referência,Automático,Atenuação Beta (MP),,"Extensão da poluição, Fornecer dados, Apoiar metas, Eficácia das estratégias, Informação sobre tendencias, Pesquisa",Sim,Consulta 2025,Mensal,Não,Checagem a cada 15 dias e calibração obrigatória mensalmente,,,,,Mesoescala,2000/2004,,Sim,
ES,EMQAR - RGV4 - Enseada do Suá,Vitória,ES0003,ES0003RA017,NO,017,3205309,32,IEMA,Pública,Aires Serviços Ambientais,Privada,-20.313348,-40.290705,Fixa,Referência,Automático,,,"Extensão da poluição, Fornecer dados, Apoiar metas, Eficácia das estratégias, Informação sobre tendencias, Pesquisa",Sim,Consulta 2025,Mensal,Não,Checagem a cada 15 dias e calibração obrigatória mensalmente,,,,,Mesoescala,2000/2004,,Sim,
ES,EMQAR - RGV4 - Enseada do Suá,Vitória,ES0003,ES0003RA026,HCT,026,3205309,32,IEMA,Pública,Aires Serviços Ambientais,Privada,-20.313348,-40.290705,Fixa,Referência,Automático,cromatografia gasosa com detecção por ionização de chama (HCT),,"Extensão da poluição, Fornecer dados, Apoiar metas, Eficácia das estratégias, Informação sobre tendencias, Pesquisa",Sim,Consulta 2025,Mensal,Não,Checagem a cada 15 dias e calibração obrigatória mensalmente,,,,,Mesoescala,2000/2004,,Sim,
ES,EMQAR - RGV4 - Enseada do Suá,Vitória,ES0003,ES0003RA007,CO,007,3205309,32,IEMA,Pública,Aires Serviços Ambientais,Privada,-20.313348,-40.290705,Fixa,Referência,Automático,Fotometria Infravermelha Não-Dispersivo _NDIR (CO),,"Extensão da poluição, Fornecer dados, Apoiar metas, Eficácia das estratégias, Informação sobre tendencias, Pesquisa",Sim,Consulta 2025,Mensal,Não,Checagem a cada 15 dias e calibração obrigatória mensalmente,,,,,Mesoescala,2000/2004,,Sim,
ES,EMQAR - RGV4 - Enseada do Suá,Vitória,ES0003,ES0003RA008,PTS,008,3205309,32,IEMA,Pública,Aires Serviços Ambientais,Privada,-20.313348,-40.290705,Fixa,Referência,Automático,Microbalança Oscilante de Elemento Cônico_TEOM (PTS),Thermo(PTS),"Extensão da poluição, Fornecer dados, Apoiar metas, Eficácia das estratégias, Informação sobre tendencias, Pesquisa",Sim,Consulta 2025,Mensal,Não,Checagem a cada 15 dias e calibração obrigatória mensalmente,,,,,Mesoescala,2000/2004,,Sim,
ES,EMQAR - RGV4 - Enseada do Suá,Vitória,ES0003,ES0003RA011,CH4,011,3205309,32,IEMA,Pública,Aires Serviços Ambientais,Privada,-20.313348,-40.290705,Fixa,Referência,Automático,,,"Extensão da poluição, Fornecer dados, Apoiar metas, Eficácia das estratégias, Informação sobre tendencias, Pesquisa",Sim,Consulta 2025,Mensal,Não,Checagem a cada 15 dias e calibração obrigatória mensalmente,,,,,Mesoescala,2000/2004,,Sim,
ES,EMQAR - RGV4 - Enseada do Suá,Vitória,ES0003,ES0003RA005,O3,005,3205309,32,IEMA,Pública,Aires Serviços Ambientais,Privada,-20.313348,-40.290705,Fixa,Referência,Automático,absorção ultravioleta (O3),,"Extensão da poluição, Fornecer dados, Apoiar metas, Eficácia das estratégias, Informação sobre tendencias, Pesquisa",Sim,Consulta 2025,Mensal,Não,Checagem a cada 15 dias e calibração obrigatória mensalmente,,,,,Mesoescala,2000/2004,,Sim,
ES,EMQAR - RGV4 - Enseada do Suá,Vitória,ES0003,ES0003RA003,SO2,003,3205309,32,IEMA,Pública,Aires Serviços Ambientais,Privada,-20.313348,-40.290705,Fixa,Referência,Automático,Fluorescência de radios Ultravioleta (SO2),,"Extensão da poluição, Fornecer dados, Apoiar metas, Eficácia das estratégias, Informação sobre tendencias, Pesquisa",Sim,Consulta 2025,Mensal,Não,Checagem a cada 15 dias e calibração obrigatória mensalmente,,,,,Mesoescala,2000/2004,,Sim,
ES,EMQAR - RGV4 - Enseada do Suá,Vitória,ES0003,ES0003RA004,NO2,004,3205309,32,IEMA,Pública,Aires Serviços Ambientais,Privada,-20.313348,-40.290705,Fixa,Referência,Automático,,,"Extensão da poluição, Fornecer dados, Apoiar metas, Eficácia das estratégias, Informação sobre tendencias, Pesquisa",Sim,Consulta 2025,Mensal,Não,Checagem a cada 15 dias e calibração obrigatória mensalmente,,,,,Mesoescala,2000/2004,,Sim,
ES,EMQAR - RGV4 - Enseada do Suá,Vitória,ES0003,ES0003RA016,HCNM,016,3205309,32,IEMA,Pública,Aires Serviços Ambientais,Privada,-20.313348,-40.290705,Fixa,Referência,Automático,,,"Extensão da poluição, Fornecer dados, Apoiar metas, Eficácia das estratégias, Informação sobre tendencias, Pesquisa",Sim,Consulta 2025,Mensal,Não,Checagem a cada 15 dias e calibração obrigatória mensalmente,,,,,Mesoescala,2000/2004,,Sim,
ES,EMQAR - RGV4 - Enseada do Suá,Vitória,ES0003,ES0003RA018,NOX,018,3205309,32,IEMA,Pública,Aires Serviços Ambientais,Privada,-20.313348,-40.290705,Fixa,Referência,Automático,,,"Extensão da poluição, Fornecer dados, Apoiar metas, Eficácia das estratégias, Informação sobre tendencias, Pesquisa",Sim,Consulta 2025,Mensal,Não,Checagem a cada 15 dias e calibração obrigatória mensalmente,,,,,Mesoescala,2000/2004,,Sim,
ES,EMQAR - RGV4 - Enseada do Suá,Vitória,ES0003,ES0003RA002,MP25,002,3205309,32,IEMA,Pública,Aires Serviços Ambientais,Privada,-20.313348,-40.290705,Fixa,Referência,Automático,Atenuação Beta (MP),,"Extensão da poluição, Fornecer dados, Apoiar metas, Eficácia das estratégias, Informação sobre tendencias, Pesquisa",Sim,Consulta 2025,Mensal,Não,Checagem a cada 15 dias e calibração obrigatória mensalmente,,,,,Mesoescala,2000/2004,,Sim,
ES,EMQAR - RGV5 - Vitória Centro,Vitória,ES0008,ES0008RA001,MP10,001,3205309,32,IEMA,Pública,Aires Serviços Ambientais,Privada,-20.320602,-40.332925,Fixa,Referência,Automático,Atenuação Beta (MP),,"Extensão da poluição, Fornecer dados, Apoiar metas, Eficácia das estratégias, Informação sobre tendencias, Pesquisa",Sim,Consulta 2025,Mensal,Não,Checagem a cada 15 dias e calibração obrigatória mensalmente,,,,,Microescala,2000/2005,,Sim,
ES,EMQAR - RGV5 - Vitória Centro,Vitória,ES0008,ES0008RA017,NO,017,3205309,32,IEMA,Pública,Aires Serviços Ambientais,Privada,-20.320602,-40.332925,Fixa,Referência,Automático,,,"Extensão da poluição, Fornecer dados, Apoiar metas, Eficácia das estratégias, Informação sobre tendencias, Pesquisa",Sim,Consulta 2025,Mensal,Não,Checagem a cada 15 dias e calibração obrigatória mensalmente,,,,,Microescala,2000/2005,,Sim,
ES,EMQAR - RGV5 - Vitória Centro,Vitória,ES0008,ES0008RA026,HCT,026,3205309,32,IEMA,Pública,Aires Serviços Ambientais,Privada,-20.320602,-40.332925,Fixa,Referência,Automático,,,"Extensão da poluição, Fornecer dados, Apoiar metas, Eficácia das estratégias, Informação sobre tendencias, Pesquisa",Sim,Consulta 2025,Mensal,Não,Checagem a cada 15 dias e calibração obrigatória mensalmente,,,,,Microescala,2000/2005,,Sim,
ES,EMQAR - RGV5 - Vitória Centro,Vitória,ES0008,ES0008RA007,CO,007,3205309,32,IEMA,Pública,Aires Serviços Ambientais,Privada,-20.320602,-40.332925,Fixa,Referência,Automático,Fotometria Infravermelha Não-Dispersivo _NDIR (CO),,"Extensão da poluição, Fornecer dados, Apoiar metas, Eficácia das estratégias, Informação sobre tendencias, Pesquisa",Sim,Consulta 2025,Mensal,Não,Checagem a cada 15 dias e calibração obrigatória mensalmente,,,,,Microescala,2000/2005,,Sim,
ES,EMQAR - RGV5 - Vitória Centro,Vitória,ES0008,ES0008RA008,PTS,008,3205309,32,IEMA,Pública,Aires Serviços Ambientais,Privada,-20.320602,-40.332925,Fixa,Referência,Automático,Atenuação Beta (MP),,"Extensão da poluição, Fornecer dados, Apoiar metas, Eficácia das estratégias, Informação sobre tendencias, Pesquisa",Sim,Consulta 2025,Mensal,Não,Checagem a cada 15 dias e calibração obrigatória mensalmente,,,,,Microescala,2000/2005,,Sim,
ES,EMQAR - RGV5 - Vitória Centro,Vitória,ES0008,ES0008RA011,CH4,011,3205309,32,IEMA,Pública,Aires Serviços Ambientais,Privada,-20.320602,-40.332925,Fixa,Referência,Automático,,,"Extensão da poluição, Fornecer dados, Apoiar metas, Eficácia das estratégias, Informação sobre tendencias, Pesquisa",Sim,Consulta 2025,Mensal,Não,Checagem a cada 15 dias e calibração obrigatória mensalmente,,,,,Microescala,2000/2005,,Sim,
ES,EMQAR - RGV5 - Vitória Centro,Vitória,ES0008,ES0008RA003,SO2,003,3205309,32,IEMA,Pública,Aires Serviços Ambientais,Privada,-20.320602,-40.332925,Fixa,Referência,Automático,Fluorescência de radios Ultravioleta (SO2),,"Extensão da poluição, Fornecer dados, Apoiar metas, Eficácia das estratégias, Informação sobre tendencias, Pesquisa",Sim,Consulta 2025,Mensal,Não,Checagem a cada 15 dias e calibração obrigatória mensalmente,,,,,Microescala,2000/2005,,Sim,
ES,EMQAR - RGV5 - Vitória Centro,Vitória,ES0008,ES0008RA004,NO2,004,3205309,32,IEMA,Pública,Aires Serviços Ambientais,Privada,-20.320602,-40.332925,Fixa,Referência,Automático,,,"Extensão da poluição, Fornecer dados, Apoiar metas, Eficácia das estratégias, Informação sobre tendencias, Pesquisa",Sim,Consulta 2025,Mensal,Não,Checagem a cada 15 dias e calibração obrigatória mensalmente,,,,,Microescala,2000/2005,,Sim,
ES,EMQAR - RGV5 - Vitória Centro,Vitória,ES0008,ES0008RA016,HCNM,016,3205309,32,IEMA,Pública,Aires Serviços Ambientais,Privada,-20.320602,-40.332925,Fixa,Referência,Automático,,,"Extensão da poluição, Fornecer dados, Apoiar metas, Eficácia das estratégias, Informação sobre tendencias, Pesquisa",Sim,Consulta 2025,Mensal,Não,Checagem a cada 15 dias e calibração obrigatória mensalmente,,,,,Microescala,2000/2005,,Sim,
ES,EMQAR - RGV5 - Vitória Centro,Vitória,ES0008,ES0008RA018,NOX,018,3205309,32,IEMA,Pública,Aires Serviços Ambientais,Privada,-20.320602,-40.332925,Fixa,Referência,Automático,,,"Extensão da poluição, Fornecer dados, Apoiar metas, Eficácia das estratégias, Informação sobre tendencias, Pesquisa",Sim,Consulta 2025,Mensal,Não,Checagem a cada 15 dias e calibração obrigatória mensalmente,,,,,Microescala,2000/2005,,Sim,
ES,EMQAR - RGV5 - Vitória Centro,Vitória,ES0008,ES0008RA002,MP25,002,3205309,32,IEMA,Pública,Aires Serviços Ambientais,Privada,-20.320602,-40.332925,Fixa,Referência,Automático,Atenuação Beta (MP),,"Extensão da poluição, Fornecer dados, Apoiar metas, Eficácia das estratégias, Informação sobre tendencias, Pesquisa",Sim,Consulta 2025,Mensal,Não,Checagem a cada 15 dias e calibração obrigatória mensalmente,,,,,Microescala,2000/2005,,Sim,
ES,EMQAR - RGV6 - Ibes,Vila Velha,ES0007,ES0007RA001,MP10,001,3205200,32,IEMA,Pública,Aires Serviços Ambientais,Privada,-20.348673,-40.317408,Fixa,Referência,Automático,Atenuação Beta (MP),,"Extensão da poluição, Fornecer dados, Apoiar metas, Eficácia das estratégias, Informação sobre tendencias, Pesquisa",Sim,Consulta 2025,Mensal,Não,Checagem a cada 15 dias e calibração obrigatória mensalmente,,,,,Urbana,2000/2006,,Sim,
ES,EMQAR - RGV6 - Ibes,Vila Velha,ES0007,ES0007RA017,NO,017,3205200,32,IEMA,Pública,Aires Serviços Ambientais,Privada,-20.348673,-40.317408,Fixa,Referência,Automático,,,"Extensão da poluição, Fornecer dados, Apoiar metas, Eficácia das estratégias, Informação sobre tendencias, Pesquisa",Sim,Consulta 2025,Mensal,Não,Checagem a cada 15 dias e calibração obrigatória mensalmente,,,,,Urbana,2000/2006,,Sim,
ES,EMQAR - RGV6 - Ibes,Vila Velha,ES0007,ES0007RA026,HCT,026,3205200,32,IEMA,Pública,Aires Serviços Ambientais,Privada,-20.348673,-40.317408,Fixa,Referência,Automático,,,"Extensão da poluição, Fornecer dados, Apoiar metas, Eficácia das estratégias, Informação sobre tendencias, Pesquisa",Sim,Consulta 2025,Mensal,Não,Checagem a cada 15 dias e calibração obrigatória mensalmente,,,,,Urbana,2000/2006,,Sim,
ES,EMQAR - RGV6 - Ibes,Vila Velha,ES0007,ES0007RA007,CO,007,3205200,32,IEMA,Pública,Aires Serviços Ambientais,Privada,-20.348673,-40.317408,Fixa,Referência,Automático,Fotometria Infravermelha Não-Dispersivo _NDIR (CO),,"Extensão da poluição, Fornecer dados, Apoiar metas, Eficácia das estratégias, Informação sobre tendencias, Pesquisa",Sim,Consulta 2025,Mensal,Não,Checagem a cada 15 dias e calibração obrigatória mensalmente,,,,,Urbana,2000/2006,,Sim,
ES,EMQAR - RGV6 - Ibes,Vila Velha,ES0007,ES0007RA008,PTS,008,3205200,32,IEMA,Pública,Aires Serviços Ambientais,Privada,-20.348673,-40.317408,Fixa,Referência,Automático,Microbalança Oscilante de Elemento Cônico_TEOM (PTS),,"Extensão da poluição, Fornecer dados, Apoiar metas, Eficácia das estratégias, Informação sobre tendencias, Pesquisa",Sim,Consulta 2025,Mensal,Não,Checagem a cada 15 dias e calibração obrigatória mensalmente,,,,,Urbana,2000/2006,,Sim,
ES,EMQAR - RGV6 - Ibes,Vila Velha,ES0007,ES0007RA011,CH4,011,3205200,32,IEMA,Pública,Aires Serviços Ambientais,Privada,-20.348673,-40.317408,Fixa,Referência,Automático,,,"Extensão da poluição, Fornecer dados, Apoiar metas, Eficácia das estratégias, Informação sobre tendencias, Pesquisa",Sim,Consulta 2025,Mensal,Não,Checagem a cada 15 dias e calibração obrigatória mensalmente,,,,,Urbana,2000/2006,,Sim,
ES,EMQAR - RGV6 - Ibes,Vila Velha,ES0007,ES0007RA005,O3,005,3205200,32,IEMA,Pública,Aires Serviços Ambientais,Privada,-20.348673,-40.317408,Fixa,Referência,Automático,absorção ultravioleta (O3),,"Extensão da poluição, Fornecer dados, Apoiar metas, Eficácia das estratégias, Informação sobre tendencias, Pesquisa",Sim,Consulta 2025,Mensal,Não,Checagem a cada 15 dias e calibração obrigatória mensalmente,,,,,Urbana,2000/2006,,Sim,
ES,EMQAR - RGV6 - Ibes,Vila Velha,ES0007,ES0007RA003,SO2,003,3205200,32,IEMA,Pública,Aires Serviços Ambientais,Privada,-20.348673,-40.317408,Fixa,Referência,Automático,Fluorescência de radios Ultravioleta (SO2),,"Extensão da poluição, Fornecer dados, Apoiar metas, Eficácia das estratégias, Informação sobre tendencias, Pesquisa",Sim,Consulta 2025,Mensal,Não,Checagem a cada 15 dias e calibração obrigatória mensalmente,,,,,Urbana,2000/2006,,Sim,
ES,EMQAR - RGV6 - Ibes,Vila Velha,ES0007,ES0007RA004,NO2,004,3205200,32,IEMA,Pública,Aires Serviços Ambientais,Privada,-20.348673,-40.317408,Fixa,Referência,Automático,,,"Extensão da poluição, Fornecer dados, Apoiar metas, Eficácia das estratégias, Informação sobre tendencias, Pesquisa",Sim,Consulta 2025,Mensal,Não,Checagem a cada 15 dias e calibração obrigatória mensalmente,,,,,Urbana,2000/2006,,Sim,
ES,EMQAR - RGV6 - Ibes,Vila Velha,ES0007,ES0007RA016,HCNM,016,3205200,32,IEMA,Pública,Aires Serviços Ambientais,Privada,-20.348673,-40.317408,Fixa,Referência,Automático,,,"Extensão da poluição, Fornecer dados, Apoiar metas, Eficácia das estratégias, Informação sobre tendencias, Pesquisa",Sim,Consulta 2025,Mensal,Não,Checagem a cada 15 dias e calibração obrigatória mensalmente,,,,,Urbana,2000/2006,,Sim,
ES,EMQAR - RGV6 - Ibes,Vila Velha,ES0007,ES0007RA018,NOX,018,3205200,32,IEMA,Pública,Aires Serviços Ambientais,Privada,-20.348673,-40.317408,Fixa,Referência,Automático,,,"Extensão da poluição, Fornecer dados, Apoiar metas, Eficácia das estratégias, Informação sobre tendencias, Pesquisa",Sim,Consulta 2025,Mensal,Não,Checagem a cada 15 dias e calibração obrigatória mensalmente,,,,,Urbana,2000/2006,,Sim,
ES,EMQAR - RGV6 - Ibes,Vila Velha,ES0007,ES0007RA002,MP25,002,3205200,32,IEMA,Pública,Aires Serviços Ambientais,Privada,-20.348673,-40.317408,Fixa,Referência,Automático,Atenuação Beta (MP),,"Extensão da poluição, Fornecer dados, Apoiar metas, Eficácia das estratégias, Informação sobre tendencias, Pesquisa",Sim,Consulta 2025,Mensal,Não,Checagem a cada 15 dias e calibração obrigatória mensalmente,,,,,Urbana,2000/2006,,Sim,
ES,EMQAR - RGV7 - Vila Velha Centro,Vila Velha,ES0006,ES0006RA001,MP10,001,3205200,32,IEMA,Pública,Aires Serviços Ambientais,Privada,-20.337086,-40.290222,Fixa,Referência,Automático,,,"Extensão da poluição, Fornecer dados, Apoiar metas, Eficácia das estratégias, Informação sobre tendencias, Pesquisa",,Consulta 2025,Mensal,Não,Checagem a cada 15 dias e calibração obrigatória mensalmente,,,"Os equipamentos dessa estação serão instalados em outra localização, no mesmo município",,-,2000/2007,10/1/2021,Não,
ES,EMQAR - RGV7 - Vila Velha Centro,Vila Velha,ES0006,ES0006RA003,SO2,003,3205200,32,IEMA,Pública,Aires Serviços Ambientais,Privada,-20.337086,-40.290222,Fixa,Referência,Automático,,,"Extensão da poluição, Fornecer dados, Apoiar metas, Eficácia das estratégias, Informação sobre tendencias, Pesquisa",,Consulta 2025,Mensal,Não,Checagem a cada 15 dias e calibração obrigatória mensalmente,,,"Os equipamentos dessa estação serão instalados em outra localização, no mesmo município",,-,2000/2007,10/1/2021,Não,
ES,EMQAR - RGV7 - Vila Velha Centro,Vila Velha,ES0006,ES0006RA002,MP25,002,3205200,32,IEMA,Pública,Aires Serviços Ambientais,Privada,-20.337086,-40.290222,Fixa,Referência,Automático,,,"Extensão da poluição, Fornecer dados, Apoiar metas, Eficácia das estratégias, Informação sobre tendencias, Pesquisa",,Consulta 2025,Mensal,Não,Checagem a cada 15 dias e calibração obrigatória mensalmente,,,"Os equipamentos dessa estação serão instalados em outra localização, no mesmo município",,-,2000/2007,10/1/2021,Não,
ES,EMQAR - RGV8 - Vila Capixaba,Cariacica,ES0002,ES0002RA001,MP10,001,3201308,32,IEMA,Pública,Aires Serviços Ambientais,Privada,-20.341979,-40.402006,Fixa,Referência,Automático,Atenuação Beta (MP),,"Extensão da poluição, Fornecer dados, Apoiar metas, Eficácia das estratégias, Informação sobre tendencias, Pesquisa",Sim,Consulta 2025,Mensal,Não,Checagem a cada 15 dias e calibração obrigatória mensalmente,,,,,Microescala,2000/2008,,Sim,
ES,EMQAR - RGV8 - Vila Capixaba,Cariacica,ES0002,ES0002RA017,NO,017,3201308,32,IEMA,Pública,Aires Serviços Ambientais,Privada,-20.341979,-40.402006,Fixa,Referência,Automático,,,"Extensão da poluição, Fornecer dados, Apoiar metas, Eficácia das estratégias, Informação sobre tendencias, Pesquisa",Sim,Consulta 2025,Mensal,Não,Checagem a cada 15 dias e calibração obrigatória mensalmente,,,,,Microescala,2000/2008,,Sim,
ES,EMQAR - RGV8 - Vila Capixaba,Cariacica,ES0002,ES0002RA007,CO,007,3201308,32,IEMA,Pública,Aires Serviços Ambientais,Privada,-20.341979,-40.402006,Fixa,Referência,Automático,Fotometria Infravermelha Não-Dispersivo _NDIR (CO),,"Extensão da poluição, Fornecer dados, Apoiar metas, Eficácia das estratégias, Informação sobre tendencias, Pesquisa",Sim,Consulta 2025,Mensal,Não,Checagem a cada 15 dias e calibração obrigatória mensalmente,,,,,Microescala,2000/2008,,Sim,
ES,EMQAR - RGV8 - Vila Capixaba,Cariacica,ES0002,ES0002RA008,PTS,008,3201308,32,IEMA,Pública,Aires Serviços Ambientais,Privada,-20.341979,-40.402006,Fixa,Referência,Automático,Atenuação Beta (MP),,"Extensão da poluição, Fornecer dados, Apoiar metas, Eficácia das estratégias, Informação sobre tendencias, Pesquisa",Sim,Consulta 2025,Mensal,Não,Checagem a cada 15 dias e calibração obrigatória mensalmente,,,,,Microescala,2000/2008,,Sim,
ES,EMQAR - RGV8 - Vila Capixaba,Cariacica,ES0002,ES0002RA005,O3,005,3201308,32,IEMA,Pública,Aires Serviços Ambientais,Privada,-20.341979,-40.402006,Fixa,Referência,Automático,absorção ultravioleta (O3),,"Extensão da poluição, Fornecer dados, Apoiar metas, Eficácia das estratégias, Informação sobre tendencias, Pesquisa",Sim,Consulta 2025,Mensal,Não,Checagem a cada 15 dias e calibração obrigatória mensalmente,,,,,Microescala,2000/2008,,Sim,
ES,EMQAR - RGV8 - Vila Capixaba,Cariacica,ES0002,ES0002RA003,SO2,003,3201308,32,IEMA,Pública,Aires Serviços Ambientais,Privada,-20.341979,-40.402006,Fixa,Referência,Automático,Fluorescência de radios Ultravioleta (SO2),,"Extensão da poluição, Fornecer dados, Apoiar metas, Eficácia das estratégias, Informação sobre tendencias, Pesquisa",Sim,Consulta 2025,Mensal,Não,Checagem a cada 15 dias e calibração obrigatória mensalmente,,,,,Microescala,2000/2008,,Sim,
ES,EMQAR - RGV8 - Vila Capixaba,Cariacica,ES0002,ES0002RA004,NO2,004,3201308,32,IEMA,Pública,Aires Serviços Ambientais,Privada,-20.341979,-40.402006,Fixa,Referência,Automático,,,"Extensão da poluição, Fornecer dados, Apoiar metas, Eficácia das estratégias, Informação sobre tendencias, Pesquisa",Sim,Consulta 2025,Mensal,Não,Checagem a cada 15 dias e calibração obrigatória mensalmente,,,,,Microescala,2000/2008,,Sim,
ES,EMQAR - RGV8 - Vila Capixaba,Cariacica,ES0002,ES0002RA018,NOX,018,3201308,32,IEMA,Pública,Aires Serviços Ambientais,Privada,-20.341979,-40.402006,Fixa,Referência,Automático,,,"Extensão da poluição, Fornecer dados, Apoiar metas, Eficácia das estratégias, Informação sobre tendencias, Pesquisa",Sim,Consulta 2025,Mensal,Não,Checagem a cada 15 dias e calibração obrigatória mensalmente,,,,,Microescala,2000/2008,,Sim,
ES,EMQAR - RGV8 - Vila Capixaba,Cariacica,ES0002,ES0002RA002,MP25,002,3201308,32,IEMA,Pública,Aires Serviços Ambientais,Privada,-20.341979,-40.402006,Fixa,Referência,Automático,Atenuação Beta (MP),,"Extensão da poluição, Fornecer dados, Apoiar metas, Eficácia das estratégias, Informação sobre tendencias, Pesquisa",Sim,Consulta 2025,Mensal,Não,Checagem a cada 15 dias e calibração obrigatória mensalmente,,,,,Microescala,2000/2008,,Sim,
ES,EMQAR - RGV9 - Cidade Continental,Serra,ES0009,ES0009RA001,MP10,001,3205002,32,IEMA,Pública,Aires Serviços Ambientais,Privada,-20.220931,-40.233106,Fixa,Referência,Automático,Atenuação Beta (MP),,"Extensão da poluição, Fornecer dados, Apoiar metas, Eficácia das estratégias, Informação sobre tendencias, Pesquisa",Sim,Consulta 2025,Mensal,Não,Checagem a cada 15 dias e calibração obrigatória mensalmente,,,,,Mesoescala,2011,,Sim,
ES,EMQAR - RGV9 - Cidade Continental,Serra,ES0009,ES0009RA017,NO,017,3205002,32,IEMA,Pública,Aires Serviços Ambientais,Privada,-20.220931,-40.233106,Fixa,Referência,Automático,,,"Extensão da poluição, Fornecer dados, Apoiar metas, Eficácia das estratégias, Informação sobre tendencias, Pesquisa",Sim,Consulta 2025,Mensal,Não,Checagem a cada 15 dias e calibração obrigatória mensalmente,,,,,Mesoescala,2011,,Sim,
ES,EMQAR - RGV9 - Cidade Continental,Serra,ES0009,ES0009RA008,PTS,008,3205002,32,IEMA,Pública,Aires Serviços Ambientais,Privada,-20.220931,-40.233106,Fixa,Referência,Automático,Atenuação Beta (MP),,"Extensão da poluição, Fornecer dados, Apoiar metas, Eficácia das estratégias, Informação sobre tendencias, Pesquisa",Sim,Consulta 2025,Mensal,Não,Checagem a cada 15 dias e calibração obrigatória mensalmente,,,,,Mesoescala,2011,,Sim,
ES,EMQAR - RGV9 - Cidade Continental,Serra,ES0009,ES0009RA003,SO2,003,3205002,32,IEMA,Pública,Aires Serviços Ambientais,Privada,-20.220931,-40.233106,Fixa,Referência,Automático,Fluorescência de radios Ultravioleta (SO2),,"Extensão da poluição, Fornecer dados, Apoiar metas, Eficácia das estratégias, Informação sobre tendencias, Pesquisa",Sim,Consulta 2025,Mensal,Não,Checagem a cada 15 dias e calibração obrigatória mensalmente,,,,,Mesoescala,2011,,Sim,
ES,EMQAR - RGV9 - Cidade Continental,Serra,ES0009,ES0009RA004,NO2,004,3205002,32,IEMA,Pública,Aires Serviços Ambientais,Privada,-20.220931,-40.233106,Fixa,Referência,Automático,,,"Extensão da poluição, Fornecer dados, Apoiar metas, Eficácia das estratégias, Informação sobre tendencias, Pesquisa",Sim,Consulta 2025,Mensal,Não,Checagem a cada 15 dias e calibração obrigatória mensalmente,,,,,Mesoescala,2011,,Sim,
ES,EMQAR - RGV9 - Cidade Continental,Serra,ES0009,ES0009RA018,NOX,018,3205002,32,IEMA,Pública,Aires Serviços Ambientais,Privada,-20.220931,-40.233106,Fixa,Referência,Automático,,,"Extensão da poluição, Fornecer dados, Apoiar metas, Eficácia das estratégias, Informação sobre tendencias, Pesquisa",Sim,Consulta 2025,Mensal,Não,Checagem a cada 15 dias e calibração obrigatória mensalmente,,,,,Mesoescala,2011,,Sim,
ES,EMQAR - RGV9 - Cidade Continental,Serra,ES0009,ES0009RA002,MP25,002,3205002,32,IEMA,Pública,Aires Serviços Ambientais,Privada,-20.220931,-40.233106,Fixa,Referência,Automático,Atenuação Beta (MP),,"Extensão da poluição, Fornecer dados, Apoiar metas, Eficácia das estratégias, Informação sobre tendencias, Pesquisa",Sim,Consulta 2025,Mensal,Não,Checagem a cada 15 dias e calibração obrigatória mensalmente,,,,,Mesoescala,2011,,Sim,
ES,EMQAR - RGV10 - Praia do Canto,Vitória,ES0019,ES0019RA001,MP10,001,3205309,32,IEMA,Pública,Aires Serviços Ambientais,Privada,-20.294211,-40.28584,Fixa,Referência,Automático,Atenuação Beta (MP),,"Extensão da poluição, Fornecer dados, Apoiar metas, Eficácia das estratégias, Informação sobre tendencias, Pesquisa",,Consulta 2025,Mensal,Não,Checagem a cada 15 dias e calibração obrigatória mensalmente,,,"Os equipamentos dessa estação serão instalados em outra localização, no mesmo município",,-,2023,2/1/2024,Não,
ES,EMQAR - RGV10 - Praia do Canto,Vitória,ES0019,ES0019RA002,MP25,002,3205309,32,IEMA,Pública,Aires Serviços Ambientais,Privada,-20.294211,-40.28584,Fixa,Referência,Automático,Atenuação Beta (MP),,"Extensão da poluição, Fornecer dados, Apoiar metas, Eficácia das estratégias, Informação sobre tendencias, Pesquisa",,Consulta 2025,Mensal,Não,Checagem a cada 15 dias e calibração obrigatória mensalmente,,,"Os equipamentos dessa estação serão instalados em outra localização, no mesmo município",,-,2023,2/1/2024,Não,
ES,EMQAR SUL 01 - Meaípe,Guarapari,ES0013,ES0013RA001,MP10,001,3202405,32,Samarco Mineração S.A.,Privada,JCTM/Acoem,Privada,-20.736868,-40.535128,Fixa,Referência,Automático,,,"Extensão da poluição, Fornecer dados, Apoiar metas, Eficácia das estratégias, Informação sobre tendencias, Pesquisa",Sim,Consulta 2025,Mensal,Não,,,,,,,2011,,Sim,
ES,EMQAR SUL 01 - Meaípe,Guarapari,ES0013,ES0013RA017,NO,017,3202405,32,Samarco Mineração S.A.,Privada,JCTM/Acoem,Privada,-20.736868,-40.535128,Fixa,Referência,Automático,,,"Extensão da poluição, Fornecer dados, Apoiar metas, Eficácia das estratégias, Informação sobre tendencias, Pesquisa",Sim,Consulta 2025,Mensal,Não,,,,,,,2011,,Sim,
ES,EMQAR SUL 01 - Meaípe,Guarapari,ES0013,ES0013RA007,CO,007,3202405,32,Samarco Mineração S.A.,Privada,JCTM/Acoem,Privada,-20.736868,-40.535128,Fixa,Referência,Automático,Infravermelho + filtro (CO),Thermo(CO),"Extensão da poluição, Fornecer dados, Apoiar metas, Eficácia das estratégias, Informação sobre tendencias, Pesquisa",Sim,Consulta 2025,Mensal,Não,,,,,,,2011,,Sim,
ES,EMQAR SUL 01 - Meaípe,Guarapari,ES0013,ES0013RA008,PTS,008,3202405,32,Samarco Mineração S.A.,Privada,JCTM/Acoem,Privada,-20.736868,-40.535128,Fixa,Referência,Automático,,,"Extensão da poluição, Fornecer dados, Apoiar metas, Eficácia das estratégias, Informação sobre tendencias, Pesquisa",Sim,Consulta 2025,Mensal,Não,,,,,,,2011,,Sim,
ES,EMQAR SUL 01 - Meaípe,Guarapari,ES0013,ES0013RA005,O3,005,3202405,32,Samarco Mineração S.A.,Privada,JCTM/Acoem,Privada,-20.736868,-40.535128,Fixa,Referência,Automático,absorção ultravioleta (O3),FPI(O3),"Extensão da poluição, Fornecer dados, Apoiar metas, Eficácia das estratégias, Informação sobre tendencias, Pesquisa",Sim,Consulta 2025,Mensal,Não,,,,,,,2011,,Sim,
ES,EMQAR SUL 01 - Meaípe,Guarapari,ES0013,ES0013RA003,SO2,003,3202405,32,Samarco Mineração S.A.,Privada,JCTM/Acoem,Privada,-20.736868,-40.535128,Fixa,Referência,Automático,Fluorescência de radios Ultravioleta (SO2),Thermo(SO2),"Extensão da poluição, Fornecer dados, Apoiar metas, Eficácia das estratégias, Informação sobre tendencias, Pesquisa",Sim,Consulta 2025,Mensal,Não,,,,,,,2011,,Sim,
ES,EMQAR SUL 01 - Meaípe,Guarapari,ES0013,ES0013RA004,NO2,004,3202405,32,Samarco Mineração S.A.,Privada,JCTM/Acoem,Privada,-20.736868,-40.535128,Fixa,Referência,Automático,,,"Extensão da poluição, Fornecer dados, Apoiar metas, Eficácia das estratégias, Informação sobre tendencias, Pesquisa",Sim,Consulta 2025,Mensal,Não,,,,,,,2011,,Sim,
ES,EMQAR SUL 01 - Meaípe,Guarapari,ES0013,ES0013RA018,NOX,018,3202405,32,Samarco Mineração S.A.,Privada,JCTM/Acoem,Privada,-20.736868,-40.535128,Fixa,Referência,Automático,,,"Extensão da poluição, Fornecer dados, Apoiar metas, Eficácia das estratégias, Informação sobre tendencias, Pesquisa",Sim,Consulta 2025,Mensal,Não,,,,,,,2011,,Sim,
ES,EMQAR SUL 01 - Meaípe,Guarapari,ES0013,ES0013RA002,MP25,002,3202405,32,Samarco Mineração S.A.,Privada,JCTM/Acoem,Privada,-20.736868,-40.535128,Fixa,Referência,Automático,,,"Extensão da poluição, Fornecer dados, Apoiar metas, Eficácia das estratégias, Informação sobre tendencias, Pesquisa",Sim,Consulta 2025,Mensal,Não,,,,,,,2011,,Sim,
ES,EMQAR SUL 02 - Ubu,Anchieta,ES0010,ES0010RA001,MP10,001,3200409,32,Samarco Mineração S.A.,Privada,JCTM/Acoem,Privada,-20.802831,-40.59699,Fixa,Referência,Automático,,,"Extensão da poluição, Fornecer dados, Apoiar metas, Eficácia das estratégias, Informação sobre tendencias, Pesquisa",Sim,Consulta 2025,Mensal,Não,,,,,,,2011,,Sim,
ES,EMQAR SUL 02 - Ubu,Anchieta,ES0010,ES0010RA017,NO,017,3200409,32,Samarco Mineração S.A.,Privada,JCTM/Acoem,Privada,-20.802831,-40.59699,Fixa,Referência,Automático,,,"Extensão da poluição, Fornecer dados, Apoiar metas, Eficácia das estratégias, Informação sobre tendencias, Pesquisa",Sim,Consulta 2025,Mensal,Não,,,,,,,2011,,Sim,
ES,EMQAR SUL 02 - Ubu,Anchieta,ES0010,ES0010RA008,PTS,008,3200409,32,Samarco Mineração S.A.,Privada,JCTM/Acoem,Privada,-20.802831,-40.59699,Fixa,Referência,Automático,,,"Extensão da poluição, Fornecer dados, Apoiar metas, Eficácia das estratégias, Informação sobre tendencias, Pesquisa",Sim,Consulta 2025,Mensal,Não,,,,,,,2011,,Sim,
ES,EMQAR SUL 02 - Ubu,Anchieta,ES0010,ES0010RA004,NO2,004,3200409,32,Samarco Mineração S.A.,Privada,JCTM/Acoem,Privada,-20.802831,-40.59699,Fixa,Referência,Automático,,,"Extensão da poluição, Fornecer dados, Apoiar metas, Eficácia das estratégias, Informação sobre tendencias, Pesquisa",Sim,Consulta 2025,Mensal,Não,,,,,,,2011,,Sim,
ES,EMQAR SUL 02 - Ubu,Anchieta,ES0010,ES0010RA018,NOX,018,3200409,32,Samarco Mineração S.A.,Privada,JCTM/Acoem,Privada,-20.802831,-40.59699,Fixa,Referência,Automático,,,"Extensão da poluição, Fornecer dados, Apoiar metas, Eficácia das estratégias, Informação sobre tendencias, Pesquisa",Sim,Consulta 2025,Mensal,Não,,,,,,,2011,,Sim,
ES,EMQAR SUL 03 - Guanabara,Anchieta,ES0014,ES0014RA017,NO,017,3200409,32,Samarco Mineração S.A.,Privada,JCTM/Acoem,Privada,-20.821369,-40.626366,Fixa,Referência,Automático,,,"Extensão da poluição, Fornecer dados, Apoiar metas, Eficácia das estratégias, Informação sobre tendencias, Pesquisa",Sim,Consulta 2025,Mensal,Não,,,,,,,2011,,Sim,
ES,EMQAR SUL 03 - Guanabara,Anchieta,ES0014,ES0014RA007,CO,007,3200409,32,Samarco Mineração S.A.,Privada,JCTM/Acoem,Privada,-20.821369,-40.626366,Fixa,Referência,Automático,NIDIR com filtro de correlação_GFC (CO),,"Extensão da poluição, Fornecer dados, Apoiar metas, Eficácia das estratégias, Informação sobre tendencias, Pesquisa",Sim,Consulta 2025,Mensal,Não,,,,,,,2011,,Sim,
ES,EMQAR SUL 03 - Guanabara,Anchieta,ES0014,ES0014RA003,SO2,003,3200409,32,Samarco Mineração S.A.,Privada,JCTM/Acoem,Privada,-20.821369,-40.626366,Fixa,Referência,Automático,Fluorescência UV pulsada (SO2),,"Extensão da poluição, Fornecer dados, Apoiar metas, Eficácia das estratégias, Informação sobre tendencias, Pesquisa",Sim,Consulta 2025,Mensal,Não,,,,,,,2011,,Sim,
ES,EMQAR SUL 03 - Guanabara,Anchieta,ES0014,ES0014RA004,NO2,004,3200409,32,Samarco Mineração S.A.,Privada,JCTM/Acoem,Privada,-20.821369,-40.626366,Fixa,Referência,Automático,,,"Extensão da poluição, Fornecer dados, Apoiar metas, Eficácia das estratégias, Informação sobre tendencias, Pesquisa",Sim,Consulta 2025,Mensal,Não,,,,,,,2011,,Sim,
ES,EMQAR SUL 03 - Guanabara,Anchieta,ES0014,ES0014RA018,NOX,018,3200409,32,Samarco Mineração S.A.,Privada,JCTM/Acoem,Privada,-20.821369,-40.626366,Fixa,Referência,Automático,,,"Extensão da poluição, Fornecer dados, Apoiar metas, Eficácia das estratégias, Informação sobre tendencias, Pesquisa",Sim,Consulta 2025,Mensal,Não,,,,,,,2011,,Sim,
ES,EMQAR SUL 03 - Guanabara,Anchieta,ES0014,ES0014RA002,MP25,002,3200409,32,Samarco Mineração S.A.,Privada,JCTM/Acoem,Privada,-20.821369,-40.626366,Fixa,Referência,Automático,Microbalança Oscilante de Elemento Cônico_TEOM (MP25),Thermo (MP25),"Extensão da poluição, Fornecer dados, Apoiar metas, Eficácia das estratégias, Informação sobre tendencias, Pesquisa",Sim,Consulta 2025,Mensal,Não,,,,,,,2011,,Sim,
ES,EMQAR SUL 04 - Belo Horizonte,Anchieta,ES0012,ES0012RA001,MP10,001,3200409,32,Samarco Mineração S.A.,Privada,JCTM/Acoem,Privada,-20.74184,-40.608883,Fixa,Referência,Automático,Microbalança Oscilante de Elemento Cônico_TEOM (MP10) e Atenuação Beta (PTS),,"Extensão da poluição, Fornecer dados, Apoiar metas, Eficácia das estratégias, Informação sobre tendencias, Pesquisa",Sim,Consulta 2025,Mensal,Não,,,,,,,2011,,Sim,
ES,EMQAR SUL 04 - Belo Horizonte,Anchieta,ES0012,ES0012RA017,NO,017,3200409,32,Samarco Mineração S.A.,Privada,JCTM/Acoem,Privada,-20.74184,-40.608883,Fixa,Referência,Automático,,,"Extensão da poluição, Fornecer dados, Apoiar metas, Eficácia das estratégias, Informação sobre tendencias, Pesquisa",Sim,Consulta 2025,Mensal,Não,,,,,,,2011,,Sim,
ES,EMQAR SUL 04 - Belo Horizonte,Anchieta,ES0012,ES0012RA007,CO,007,3200409,32,Samarco Mineração S.A.,Privada,JCTM/Acoem,Privada,-20.74184,-40.608883,Fixa,Referência,Automático,NIDIR com filtro de correlação_GFC (CO),,"Extensão da poluição, Fornecer dados, Apoiar metas, Eficácia das estratégias, Informação sobre tendencias, Pesquisa",Sim,Consulta 2025,Mensal,Não,,,,,,,2011,,Sim,
ES,EMQAR SUL 04 - Belo Horizonte,Anchieta,ES0012,ES0012RA008,PTS,008,3200409,32,Samarco Mineração S.A.,Privada,JCTM/Acoem,Privada,-20.74184,-40.608883,Fixa,Referência,Automático,,Met One(PTS),"Extensão da poluição, Fornecer dados, Apoiar metas, Eficácia das estratégias, Informação sobre tendencias, Pesquisa",Sim,Consulta 2025,Mensal,Não,,,,,,,2011,,Sim,
ES,EMQAR SUL 04 - Belo Horizonte,Anchieta,ES0012,ES0012RA005,O3,005,3200409,32,Samarco Mineração S.A.,Privada,JCTM/Acoem,Privada,-20.74184,-40.608883,Fixa,Referência,Automático,absorção ultravioleta (O3),,"Extensão da poluição, Fornecer dados, Apoiar metas, Eficácia das estratégias, Informação sobre tendencias, Pesquisa",Sim,Consulta 2025,Mensal,Não,,,,,,,2011,,Sim,
ES,EMQAR SUL 04 - Belo Horizonte,Anchieta,ES0012,ES0012RA003,SO2,003,3200409,32,Samarco Mineração S.A.,Privada,JCTM/Acoem,Privada,-20.74184,-40.608883,Fixa,Referência,Automático,Fluorescência UV pulsada (SO2),,"Extensão da poluição, Fornecer dados, Apoiar metas, Eficácia das estratégias, Informação sobre tendencias, Pesquisa",Sim,Consulta 2025,Mensal,Não,,,,,,,2011,,Sim,
ES,EMQAR SUL 04 - Belo Horizonte,Anchieta,ES0012,ES0012RA004,NO2,004,3200409,32,Samarco Mineração S.A.,Privada,JCTM/Acoem,Privada,-20.74184,-40.608883,Fixa,Referência,Automático,,,"Extensão da poluição, Fornecer dados, Apoiar metas, Eficácia das estratégias, Informação sobre tendencias, Pesquisa",Sim,Consulta 2025,Mensal,Não,,,,,,,2011,,Sim,
ES,EMQAR SUL 04 - Belo Horizonte,Anchieta,ES0012,ES0012RA018,NOX,018,3200409,32,Samarco Mineração S.A.,Privada,JCTM/Acoem,Privada,-20.74184,-40.608883,Fixa,Referência,Automático,,,"Extensão da poluição, Fornecer dados, Apoiar metas, Eficácia das estratégias, Informação sobre tendencias, Pesquisa",Sim,Consulta 2025,Mensal,Não,,,,,,,2011,,Sim,
ES,EMQAR SUL 04 - Belo Horizonte,Anchieta,ES0012,ES0012RA002,MP25,002,3200409,32,Samarco Mineração S.A.,Privada,JCTM/Acoem,Privada,-20.74184,-40.608883,Fixa,Referência,Automático,,,"Extensão da poluição, Fornecer dados, Apoiar metas, Eficácia das estratégias, Informação sobre tendencias, Pesquisa",Sim,Consulta 2025,Mensal,Não,,,,,,,2011,,Sim,
ES,EMQAR SUL 05 - Mãe-Bá,Anchieta,ES0011,ES0011RA001,MP10,001,3200409,32,Samarco Mineração S.A.,Privada,JCTM/Acoem,Privada,-20.7674,-40.574425,Fixa,Referência,Automático,,,"Extensão da poluição, Fornecer dados, Apoiar metas, Eficácia das estratégias, Informação sobre tendencias, Pesquisa",Sim,Consulta 2025,Mensal,Não,,,,,,,2011,,Sim,
ES,EMQAR SUL 05 - Mãe-Bá,Anchieta,ES0011,ES0011RA017,NO,017,3200409,32,Samarco Mineração S.A.,Privada,JCTM/Acoem,Privada,-20.7674,-40.574425,Fixa,Referência,Automático,,,"Extensão da poluição, Fornecer dados, Apoiar metas, Eficácia das estratégias, Informação sobre tendencias, Pesquisa",Sim,Consulta 2025,Mensal,Não,,,,,,,2011,,Sim,
ES,EMQAR SUL 05 - Mãe-Bá,Anchieta,ES0011,ES0011RA008,PTS,008,3200409,32,Samarco Mineração S.A.,Privada,JCTM/Acoem,Privada,-20.7674,-40.574425,Fixa,Referência,Automático,,,"Extensão da poluição, Fornecer dados, Apoiar metas, Eficácia das estratégias, Informação sobre tendencias, Pesquisa",Sim,Consulta 2025,Mensal,Não,,,,,,,2011,,Sim,
ES,EMQAR SUL 05 - Mãe-Bá,Anchieta,ES0011,ES0011RA004,NO2,004,3200409,32,Samarco Mineração S.A.,Privada,JCTM/Acoem,Privada,-20.7674,-40.574425,Fixa,Referência,Automático,,,"Extensão da poluição, Fornecer dados, Apoiar metas, Eficácia das estratégias, Informação sobre tendencias, Pesquisa",Sim,Consulta 2025,Mensal,Não,,,,,,,2011,,Sim,
ES,EMQAR SUL 05 - Mãe-Bá,Anchieta,ES0011,ES0011RA018,NOX,018,3200409,32,Samarco Mineração S.A.,Privada,JCTM/Acoem,Privada,-20.7674,-40.574425,Fixa,Referência,Automático,,,"Extensão da poluição, Fornecer dados, Apoiar metas, Eficácia das estratégias, Informação sobre tendencias, Pesquisa",Sim,Consulta 2025,Mensal,Não,,,,,,,2011,,Sim,
ES,EMQAR SUL 06 - Centro,Anchieta,ES0015,ES0015RA001,MP10,001,3200409,32,Samarco Mineração S.A.,Privada,JCTM/Acoem,Privada,-20.812935,-40.633514,Fixa,Referência,Automático,,,"Extensão da poluição, Fornecer dados, Apoiar metas, Eficácia das estratégias, Informação sobre tendencias, Pesquisa",Sim,Consulta 2025,Mensal,Não,,,,,,,2011,,Sim,
ES,EMQAR SUL 06 - Centro,Anchieta,ES0015,ES0015RA017,NO,017,3200409,32,Samarco Mineração S.A.,Privada,JCTM/Acoem,Privada,-20.812935,-40.633514,Fixa,Referência,Automático,,,"Extensão da poluição, Fornecer dados, Apoiar metas, Eficácia das estratégias, Informação sobre tendencias, Pesquisa",Sim,Consulta 2025,Mensal,Não,,,,,,,2011,,Sim,
ES,EMQAR SUL 06 - Centro,Anchieta,ES0015,ES0015RA007,CO,007,3200409,32,Samarco Mineração S.A.,Privada,JCTM/Acoem,Privada,-20.812935,-40.633514,Fixa,Referência,Automático,NIDIR com filtro de correlação_GFC (CO),,"Extensão da poluição, Fornecer dados, Apoiar metas, Eficácia das estratégias, Informação sobre tendencias, Pesquisa",Sim,Consulta 2025,Mensal,Não,,,,,,,2011,,Sim,
ES,EMQAR SUL 06 - Centro,Anchieta,ES0015,ES0015RA008,PTS,008,3200409,32,Samarco Mineração S.A.,Privada,JCTM/Acoem,Privada,-20.812935,-40.633514,Fixa,Referência,Automático,,,"Extensão da poluição, Fornecer dados, Apoiar metas, Eficácia das estratégias, Informação sobre tendencias, Pesquisa",Sim,Consulta 2025,Mensal,Não,,,,,,,2011,,Sim,
ES,EMQAR SUL 06 - Centro,Anchieta,ES0015,ES0015RA003,SO2,003,3200409,32,Samarco Mineração S.A.,Privada,JCTM/Acoem,Privada,-20.812935,-40.633514,Fixa,Referência,Automático,Fluorescência UV pulsada (SO2),,"Extensão da poluição, Fornecer dados, Apoiar metas, Eficácia das estratégias, Informação sobre tendencias, Pesquisa",Sim,Consulta 2025,Mensal,Não,,,,,,,2011,,Sim,
ES,EMQAR SUL 06 - Centro,Anchieta,ES0015,ES0015RA004,NO2,004,3200409,32,Samarco Mineração S.A.,Privada,JCTM/Acoem,Privada,-20.812935,-40.633514,Fixa,Referência,Automático,,,"Extensão da poluição, Fornecer dados, Apoiar metas, Eficácia das estratégias, Informação sobre tendencias, Pesquisa",Sim,Consulta 2025,Mensal,Não,,,,,,,2011,,Sim,
ES,EMQAR SUL 06 - Centro,Anchieta,ES0015,ES0015RA018,NOX,018,3200409,32,Samarco Mineração S.A.,Privada,JCTM/Acoem,Privada,-20.812935,-40.633514,Fixa,Referência,Automático,,,"Extensão da poluição, Fornecer dados, Apoiar metas, Eficácia das estratégias, Informação sobre tendencias, Pesquisa",Sim,Consulta 2025,Mensal,Não,,,,,,,2011,,Sim,
ES,EMQAR SUL 06 - Centro,Anchieta,ES0015,ES0015RA002,MP25,002,3200409,32,Samarco Mineração S.A.,Privada,JCTM/Acoem,Privada,-20.812935,-40.633514,Fixa,Referência,Automático,,,"Extensão da poluição, Fornecer dados, Apoiar metas, Eficácia das estratégias, Informação sobre tendencias, Pesquisa",Sim,Consulta 2025,Mensal,Não,,,,,,,2011,,Sim,
ES,EMQAR - Norte 01 - Cacimbas,Linhares,ES0018,ES0018RA001,MP10,001,3203205,32,Eneva S.A.,Privada,-,-,-19.507105,-39.80655,Fixa,Referência,Automático,,,,Não,Consulta 2025,-,Não,,,,,,-,2019,6/1/2023,Não,
ES,EMQAR - Norte 01 - Cacimbas,Linhares,ES0018,ES0018RA017,NO,017,3203205,32,Eneva S.A.,Privada,-,-,-19.507105,-39.80655,Fixa,Referência,Automático,,,,Não,Consulta 2025,-,Não,,,,,,-,2019,6/1/2023,Não,
ES,EMQAR - Norte 01 - Cacimbas,Linhares,ES0018,ES0018RA004,NO2,004,3203205,32,Eneva S.A.,Privada,-,-,-19.507105,-39.80655,Fixa,Referência,Automático,,,,Não,Consulta 2025,-,Não,,,,,,-,2019,6/1/2023,Não,
ES,EMQAR - Norte 01 - Cacimbas,Linhares,ES0018,ES0018RA018,NOX,018,3203205,32,Eneva S.A.,Privada,-,-,-19.507105,-39.80655,Fixa,Referência,Automático,,,,Não,Consulta 2025,-,Não,,,,,,-,2019,6/1/2023,Não,
ES,EMQAR - Norte 01 - Cacimbas,Linhares,ES0018,ES0018RA002,MP25,002,3203205,32,Eneva S.A.,Privada,-,-,-19.507105,-39.80655,Fixa,Referência,Automático,,,,Não,Consulta 2025,-,Não,,,,,,-,2019,6/1/2023,Não,
ES,EMQAR - Norte 02 - Cacimbas,Linhares,ES0017,ES0017RA017,NO,017,3203205,32,Eneva S.A.,Privada,Eneva S.A.,Privada,-19.566122,-39.80466,Fixa,Referência,Automático,,,"Extensão da poluição, Fornecer dados",Não,Consulta 2025,Mensal,Não,Checagem semanal e calibração obrigatória mensalmente,,,"A estação encontra-se em processo de atualização tecnológica, sendo provável a troca, em breve, dos equipamentos, incluindo alteração da marca/modelo. Poderá haver também a alteração da localização da estação",,,2019,,Sim,
ES,EMQAR - Norte 02 - Cacimbas,Linhares,ES0017,ES0017RA007,CO,007,3203205,32,Eneva S.A.,Privada,Eneva S.A.,Privada,-19.566122,-39.80466,Fixa,Referência,Automático,Fotometria Infravermelha Não-Dispersivo _NDIR (CO) e quimiluminescência (NO2,,"Extensão da poluição, Fornecer dados",Não,Consulta 2025,Mensal,Não,Checagem semanal e calibração obrigatória mensalmente,,,"A estação encontra-se em processo de atualização tecnológica, sendo provável a troca, em breve, dos equipamentos, incluindo alteração da marca/modelo. Poderá haver também a alteração da localização da estação",,,2019,,Sim,
ES,EMQAR - Norte 02 - Cacimbas,Linhares,ES0017,ES0017RA004,NO2,004,3203205,32,Eneva S.A.,Privada,Eneva S.A.,Privada,-19.566122,-39.80466,Fixa,Referência,Automático,,,"Extensão da poluição, Fornecer dados",Não,Consulta 2025,Mensal,Não,Checagem semanal e calibração obrigatória mensalmente,,,"A estação encontra-se em processo de atualização tecnológica, sendo provável a troca, em breve, dos equipamentos, incluindo alteração da marca/modelo. Poderá haver também a alteração da localização da estação",,,2019,,Sim,
ES,EMQAR - Norte 02 - Cacimbas,Linhares,ES0017,ES0017RA018,NOX,018,3203205,32,Eneva S.A.,Privada,Eneva S.A.,Privada,-19.566122,-39.80466,Fixa,Referência,Automático,,,"Extensão da poluição, Fornecer dados",Não,Consulta 2025,Mensal,Não,Checagem semanal e calibração obrigatória mensalmente,,,"A estação encontra-se em processo de atualização tecnológica, sendo provável a troca, em breve, dos equipamentos, incluindo alteração da marca/modelo. Poderá haver também a alteração da localização da estação",,,2019,,Sim,
ES,EMAQR - UTE Viana,Viana,ES0019,ES0019RA001,MP10,001,3205101,32,Eneva S.A.,Privada,Eneva S.A.,Privada,-20.377189,-40.426798,Fixa,Referência,Automático,Atenuação Beta (MP),,"Extensão da poluição, Fornecer dados, Apoiar metas, Eficácia das estratégias, Informação sobre tendencias, Pesquisa",Não,Consulta 2025,Mensal,Não,Checagem semanal e calibração obrigatória mensalmente,,,"A estação encontra-se em processo de substituição dos equipamentos e em processo de alteração de localidade. Os equipamentos da marca Horiba (APNA-370, APMA-370, APSA-370 e APDA-371) encontram-se em processo de instalação.",,Bairro,2019,,Sim,
ES,EMAQR - UTE Viana,Viana,ES0019,ES0019RA001,MP10,001,3205101,32,Eneva S.A.,Privada,Eneva S.A.,Privada,-20.377189,-40.426798,Fixa,Referência,Automático,Atenuação Beta (MP),,"Extensão da poluição, Fornecer dados, Apoiar metas, Eficácia das estratégias, Informação sobre tendencias, Pesquisa",Não,Consulta 2025,Mensal,Não,Checagem semanal e calibração obrigatória mensalmente,,,"A estação encontra-se em processo de substituição dos equipamentos e em processo de alteração de localidade. Os equipamentos da marca Horiba (APNA-370, APMA-370, APSA-370 e APDA-371) encontram-se em processo de instalação.",,Bairro,2019,,Sim,
ES,EMAQR - UTE Viana,Viana,ES0019,ES0019RA002,MP25,002,3205101,32,Eneva S.A.,Privada,Eneva S.A.,Privada,-20.377189,-40.426798,Fixa,Referência,Automático,Atenuação Beta (MP),,"Extensão da poluição, Fornecer dados, Apoiar metas, Eficácia das estratégias, Informação sobre tendencias, Pesquisa",Não,Consulta 2025,Mensal,Não,Checagem semanal e calibração obrigatória mensalmente,,,"A estação encontra-se em processo de substituição dos equipamentos e em processo de alteração de localidade. Os equipamentos da marca Horiba (APNA-370, APMA-370, APSA-370 e APDA-371) encontram-se em processo de instalação.",,Bairro,2019,,Sim,
ES,EMAQR - UTE Viana,Viana,ES0019,ES0019RA002,MP25,002,3205101,32,Eneva S.A.,Privada,Eneva S.A.,Privada,-20.377189,-40.426798,Fixa,Referência,Automático,Atenuação Beta (MP),,"Extensão da poluição, Fornecer dados, Apoiar metas, Eficácia das estratégias, Informação sobre tendencias, Pesquisa",Não,Consulta 2025,Mensal,Não,Checagem semanal e calibração obrigatória mensalmente,,,"A estação encontra-se em processo de substituição dos equipamentos e em processo de alteração de localidade. Os equipamentos da marca Horiba (APNA-370, APMA-370, APSA-370 e APDA-371) encontram-se em processo de instalação.",,Bairro,2019,,Sim,
MA,Santa Bárbara,São Luís,MA0001,MA0001ND001,MP10,001,2111300,21,,,,,-2.595295,-44.211826,,N,D,,,,,Consulta 2024,,,,,,,,,,,Ativa,
MA,Santa Bárbara,São Luís,MA0001,MA0001ND007,CO,007,2111300,21,,,,,-2.595295,-44.211826,,N,D,,,,,Consulta 2024,,,,,,,,,,,Ativa,
MA,Santa Bárbara,São Luís,MA0001,MA0001ND008,PTS,008,2111300,21,,,,,-2.595295,-44.211826,,N,D,,,,,Consulta 2024,,,,,,,,,,,Ativa,
MA,Santa Bárbara,São Luís,MA0001,MA0001ND005,O3,005,2111300,21,,,,,-2.595295,-44.211826,,N,D,,,,,Consulta 2024,,,,,,,,,,,Ativa,
MA,Santa Bárbara,São Luís,MA0001,MA0001ND003,SO2,003,2111300,21,,,,,-2.595295,-44.211826,,N,D,,,,,Consulta 2024,,,,,,,,,,,Ativa,
MA,Santa Bárbara,São Luís,MA0001,MA0001ND004,NO2,004,2111300,21,,,,,-2.595295,-44.211826,,N,D,,,,,Consulta 2024,,,,,,,,,,,Ativa,
MA,Santa Bárbara,São Luís,MA0001,MA0001ND002,MP25,002,2111300,21,,,,,-2.595295,-44.211826,,N,D,,,,,Consulta 2024,,,,,,,,,,,Ativa,
MA,Anjo da Guarda,São Luís,MA0002,MA0002ND001,MP10,001,2111300,21,,,,,-2.561182,-44.340286,,N,D,,,,,Consulta 2024,,,,,,,,,,,Ativa,
MA,Anjo da Guarda,São Luís,MA0002,MA0002ND007,CO,007,2111300,21,,,,,-2.561182,-44.340286,,N,D,,,,,Consulta 2024,,,,,,,,,,,Ativa,
MA,Anjo da Guarda,São Luís,MA0002,MA0002ND008,PTS,008,2111300,21,,,,,-2.561182,-44.340286,,N,D,,,,,Consulta 2024,,,,,,,,,,,Ativa,
MA,Anjo da Guarda,São Luís,MA0002,MA0002ND005,O3,005,2111300,21,,,,,-2.561182,-44.340286,,N,D,,,,,Consulta 2024,,,,,,,,,,,Ativa,
MA,Anjo da Guarda,São Luís,MA0002,MA0002ND003,SO2,003,2111300,21,,,,,-2.561182,-44.340286,,N,D,,,,,Consulta 2024,,,,,,,,,,,Ativa,
MA,Anjo da Guarda,São Luís,MA0002,MA0002ND004,NO2,004,2111300,21,,,,,-2.561182,-44.340286,,N,D,,,,,Consulta 2024,,,,,,,,,,,Ativa,
MA,Anjo da Guarda,São Luís,MA0002,MA0002ND002,MP25,002,2111300,21,,,,,-2.561182,-44.340286,,N,D,,,,,Consulta 2024,,,,,,,,,,,Ativa,
MA,BR135 Pedrinhas,São Luís,MA0003,MA0003ND001,MP10,001,2111300,21,,,,,-2.688451,-44.300277,,N,D,,,,,Consulta 2024,,,,,,,,,,,Ativa,
MA,BR135 Pedrinhas,São Luís,MA0003,MA0003ND007,CO,007,2111300,21,,,,,-2.688451,-44.300277,,N,D,,,,,Consulta 2024,,,,,,,,,,,Ativa,
MA,BR135 Pedrinhas,São Luís,MA0003,MA0003ND008,PTS,008,2111300,21,,,,,-2.688451,-44.300277,,N,D,,,,,Consulta 2024,,,,,,,,,,,Ativa,
MA,BR135 Pedrinhas,São Luís,MA0003,MA0003ND005,O3,005,2111300,21,,,,,-2.688451,-44.300277,,N,D,,,,,Consulta 2024,,,,,,,,,,,Ativa,
MA,BR135 Pedrinhas,São Luís,MA0003,MA0003ND003,SO2,003,2111300,21,,,,,-2.688451,-44.300277,,N,D,,,,,Consulta 2024,,,,,,,,,,,Ativa,
MA,BR135 Pedrinhas,São Luís,MA0003,MA0003ND004,NO2,004,2111300,21,,,,,-2.688451,-44.300277,,N,D,,,,,Consulta 2024,,,,,,,,,,,Ativa,
MA,BR135 Pedrinhas,São Luís,MA0003,MA0003ND002,MP25,002,2111300,21,,,,,-2.688451,-44.300277,,N,D,,,,,Consulta 2024,,,,,,,,,,,Ativa,
MA,Coqueiro,São Luís,MA0004,MA0004ND001,MP10,001,2111300,21,,,,,-2.728588,-44.359111,,N,D,,,,,Consulta 2024,,,,,,,,,,,Ativa,
MA,Coqueiro,São Luís,MA0004,MA0004ND007,CO,007,2111300,21,,,,,-2.728588,-44.359111,,N,D,,,,,Consulta 2024,,,,,,,,,,,Ativa,
MA,Coqueiro,São Luís,MA0004,MA0004ND008,PTS,008,2111300,21,,,,,-2.728588,-44.359111,,N,D,,,,,Consulta 2024,,,,,,,,,,,Ativa,
MA,Coqueiro,São Luís,MA0004,MA0004ND005,O3,005,2111300,21,,,,,-2.728588,-44.359111,,N,D,,,,,Consulta 2024,,,,,,,,,,,Ativa,
MA,Coqueiro,São Luís,MA0004,MA0004ND003,SO2,003,2111300,21,,,,,-2.728588,-44.359111,,N,D,,,,,Consulta 2024,,,,,,,,,,,Ativa,
MA,Coqueiro,São Luís,MA0004,MA0004ND004,NO2,004,2111300,21,,,,,-2.728588,-44.359111,,N,D,,,,,Consulta 2024,,,,,,,,,,,Ativa,
MA,Coqueiro,São Luís,MA0004,MA0004ND002,MP25,002,2111300,21,,,,,-2.728588,-44.359111,,N,D,,,,,Consulta 2024,,,,,,,,,,,Ativa,
MA,Vila Sarney,São Luís,MA0005,MA0005ND001,MP10,001,2111300,21,,,,,-2.625124,-44.262548,,N,D,,,,,Consulta 2024,,,,,,,,,,,Ativa,
MA,Vila Sarney,São Luís,MA0005,MA0005ND007,CO,007,2111300,21,,,,,-2.625124,-44.262548,,N,D,,,,,Consulta 2024,,,,,,,,,,,Ativa,
MA,Vila Sarney,São Luís,MA0005,MA0005ND008,PTS,008,2111300,21,,,,,-2.625124,-44.262548,,N,D,,,,,Consulta 2024,,,,,,,,,,,Ativa,
MA,Vila Sarney,São Luís,MA0005,MA0005ND005,O3,005,2111300,21,,,,,-2.625124,-44.262548,,N,D,,,,,Consulta 2024,,,,,,,,,,,Ativa,
MA,Vila Sarney,São Luís,MA0005,MA0005ND003,SO2,003,2111300,21,,,,,-2.625124,-44.262548,,N,D,,,,,Consulta 2024,,,,,,,,,,,Ativa,
MA,Vila Sarney,São Luís,MA0005,MA0005ND004,NO2,004,2111300,21,,,,,-2.625124,-44.262548,,N,D,,,,,Consulta 2024,,,,,,,,,,,Ativa,
MA,Vila Sarney,São Luís,MA0005,MA0005ND002,MP25,002,2111300,21,,,,,-2.625124,-44.262548,,N,D,,,,,Consulta 2024,,,,,,,,,,,Ativa,
MA,Vila Maranhão,São Luís,MA0006,MA0006ND001,MP10,001,2111300,21,,,,,-2.619574,-44.322869,,N,D,,,,,Consulta 2024,,,,,,,,,,,Ativa,
MA,Vila Maranhão,São Luís,MA0006,MA0006ND007,CO,007,2111300,21,,,,,-2.619574,-44.322869,,N,D,,,,,Consulta 2024,,,,,,,,,,,Ativa,
MA,Vila Maranhão,São Luís,MA0006,MA0006ND008,PTS,008,2111300,21,,,,,-2.619574,-44.322869,,N,D,,,,,Consulta 2024,,,,,,,,,,,Ativa,
MA,Vila Maranhão,São Luís,MA0006,MA0006ND005,O3,005,2111300,21,,,,,-2.619574,-44.322869,,N,D,,,,,Consulta 2024,,,,,,,,,,,Ativa,
MA,Vila Maranhão,São Luís,MA0006,MA0006ND003,SO2,003,2111300,21,,,,,-2.619574,-44.322869,,N,D,,,,,Consulta 2024,,,,,,,,,,,Ativa,
MA,Vila Maranhão,São Luís,MA0006,MA0006ND004,NO2,004,2111300,21,,,,,-2.619574,-44.322869,,N,D,,,,,Consulta 2024,,,,,,,,,,,Ativa,
MA,Vila Maranhão,São Luís,MA0006,MA0006ND002,MP25,002,2111300,21,,,,,-2.619574,-44.322869,,N,D,,,,,Consulta 2024,,,,,,,,,,,Ativa,
RS,Sapucaia,Sapucaia do Sul,RS0001,RS0001RA001,MP10,001,4320008,43,FEPAM,Pública,FEPAM,Pública,-29.81812,-51.15922,Fixa,Referencia,Automatica,,,Extensão da poluição,Não,Consulta 2025,A cada 1 mês,Não,,Sim,Sim,,,Escala urbana,2002-01-01 00:00:00,2010-01-01 00:00:00,Inativa,
RS,Sapucaia,Sapucaia do Sul,RS0001,RS0001RA007,CO,007,4320008,43,FEPAM,Pública,FEPAM,Pública,-29.81812,-51.15922,Fixa,Referencia,Automatica,,,Extensão da poluição,Não,Consulta 2025,A cada 1 mês,Não,,Sim,Sim,,,Escala urbana,2002-01-01 00:00:00,2010-01-01 00:00:00,Inativa,
RS,Sapucaia,Sapucaia do Sul,RS0001,RS0001RA005,O3,005,4320008,43,FEPAM,Pública,FEPAM,Pública,-29.81812,-51.15922,Fixa,Referencia,Automatica,,,Extensão da poluição,Não,Consulta 2025,A cada 1 mês,Não,,Sim,Sim,,,Escala urbana,2002-01-01 00:00:00,2010-01-01 00:00:00,Inativa,
RS,Sapucaia,Sapucaia do Sul,RS0001,RS0001RA003,SO2,003,4320008,43,FEPAM,Pública,FEPAM,Pública,-29.81812,-51.15922,Fixa,Referencia,Automatica,,,Extensão da poluição,Não,Consulta 2025,A cada 1 mês,Não,,Sim,Sim,,,Escala urbana,2002-01-01 00:00:00,2010-01-01 00:00:00,Inativa,
RS,Sapucaia,Sapucaia do Sul,RS0001,RS0001RA004,NO2,004,4320008,43,FEPAM,Pública,FEPAM,Pública,-29.81812,-51.15922,Fixa,Referencia,Automatica,,,Extensão da poluição,Não,Consulta 2025,A cada 1 mês,Não,,Sim,Sim,,,Escala urbana,2002-01-01 00:00:00,2010-01-01 00:00:00,Inativa,
RS,Canoas VCOMAR,Canoas,RS0004,RS0004RA001,MP10,001,4304606,43,FEPAM,Pública,FEPAM,Pública,-29.9303,-51.18179,Fixa,Referencia,Automatica,,,Extensão da poluição,Não,Consulta 2025,A cada 1 mês,Não,,Sim,Sim,,,Escala de Bairro,2002-01-01 00:00:00,2009-12-01 00:00:00,Inativa,
RS,Canoas VCOMAR,Canoas,RS0004,RS0004RA007,CO,007,4304606,43,FEPAM,Pública,FEPAM,Pública,-29.9303,-51.18179,Fixa,Referencia,Automatica,,,Extensão da poluição,Não,Consulta 2025,A cada 1 mês,Não,,Sim,Sim,,,Escala de Bairro,2002-01-01 00:00:00,2009-12-01 00:00:00,Inativa,
RS,Canoas VCOMAR,Canoas,RS0004,RS0004RA005,O3,005,4304606,43,FEPAM,Pública,FEPAM,Pública,-29.9303,-51.18179,Fixa,Referencia,Automatica,,,Extensão da poluição,Não,Consulta 2025,A cada 1 mês,Não,,Sim,Sim,,,Escala de Bairro,2002-01-01 00:00:00,2009-12-01 00:00:00,Inativa,
RS,Canoas VCOMAR,Canoas,RS0004,RS0004RA003,SO2,003,4304606,43,FEPAM,Pública,FEPAM,Pública,-29.9303,-51.18179,Fixa,Referencia,Automatica,,,Extensão da poluição,Não,Consulta 2025,A cada 1 mês,Não,,Sim,Sim,,,Escala de Bairro,2002-01-01 00:00:00,2009-12-01 00:00:00,Inativa,
RS,Canoas VCOMAR,Canoas,RS0004,RS0004RA004,NO2,004,4304606,43,FEPAM,Pública,FEPAM,Pública,-29.9303,-51.18179,Fixa,Referencia,Automatica,,,Extensão da poluição,Não,Consulta 2025,A cada 1 mês,Não,,Sim,Sim,,,Escala de Bairro,2002-01-01 00:00:00,2009-12-01 00:00:00,Inativa,
RS,Canoas P Universitário,Canoas,RS0005,RS0005RA001,MP10,001,4304606,43,Refap,Pública,Refap,Pública,-29.88396,-51.14439,Fixa,Referencia,Automatica,,,Extensão da poluição,Sim,Consulta 2025,A cada 1 mês,Não,,Sim,Sim,,,Escala de Bairro,2004-08-01 00:00:00,-,Ativa,
RS,Canoas P Universitário,Canoas,RS0005,RS0005RA007,CO,007,4304606,43,Refap,Pública,Refap,Pública,-29.88396,-51.14439,Fixa,Referencia,Automatica,,,Extensão da poluição,Sim,Consulta 2025,A cada 1 mês,Não,,Sim,Sim,,,Escala de Bairro,2004-08-01 00:00:00,-,Ativa,
RS,Canoas P Universitário,Canoas,RS0005,RS0005RA005,O3,005,4304606,43,Refap,Pública,Refap,Pública,-29.88396,-51.14439,Fixa,Referencia,Automatica,,,Extensão da poluição,Sim,Consulta 2025,A cada 1 mês,Não,,Sim,Sim,,,Escala de Bairro,2004-08-01 00:00:00,-,Ativa,
RS,Canoas P Universitário,Canoas,RS0005,RS0005RA003,SO2,003,4304606,43,Refap,Pública,Refap,Pública,-29.88396,-51.14439,Fixa,Referencia,Automatica,,,Extensão da poluição,Sim,Consulta 2025,A cada 1 mês,Não,,Sim,Sim,,,Escala de Bairro,2004-08-01 00:00:00,-,Ativa,
RS,Canoas P Universitário,Canoas,RS0005,RS0005RA004,NO2,004,4304606,43,Refap,Pública,Refap,Pública,-29.88396,-51.14439,Fixa,Referencia,Automatica,,,Extensão da poluição,Sim,Consulta 2025,A cada 1 mês,Não,,Sim,Sim,,,Escala de Bairro,2004-08-01 00:00:00,-,Ativa,
RS,Esteio Vila Ezequiel,Canoas,RS0006,RS0006RA001,MP10,001,4304606,43,Refap,Pública,Refap,Pública,-29.9303,-51.18179,Fixa,Referencia,Automatica,,,Extensão da poluição,Não,Consulta 2025,A cada 1 mês,Não,,Sim,Sim,,,Escala urbana,2004-08-01 00:00:00,2019-12-01 00:00:00,Inativa,
RS,Esteio Vila Ezequiel,Canoas,RS0006,RS0006RA007,CO,007,4304606,43,Refap,Pública,Refap,Pública,-29.9303,-51.18179,Fixa,Referencia,Automatica,,,Extensão da poluição,Não,Consulta 2025,A cada 1 mês,Não,,Sim,Sim,,,Escala urbana,2004-08-01 00:00:00,2019-12-01 00:00:00,Inativa,
RS,Esteio Vila Ezequiel,Canoas,RS0006,RS0006RA005,O3,005,4304606,43,Refap,Pública,Refap,Pública,-29.9303,-51.18179,Fixa,Referencia,Automatica,,,Extensão da poluição,Não,Consulta 2025,A cada 1 mês,Não,,Sim,Sim,,,Escala urbana,2004-08-01 00:00:00,2019-12-01 00:00:00,Inativa,
RS,Esteio Vila Ezequiel,Canoas,RS0006,RS0006RA003,SO2,003,4304606,43,Refap,Pública,Refap,Pública,-29.9303,-51.18179,Fixa,Referencia,Automatica,,,Extensão da poluição,Não,Consulta 2025,A cada 1 mês,Não,,Sim,Sim,,,Escala urbana,2004-08-01 00:00:00,2019-12-01 00:00:00,Inativa,
RS,Esteio Vila Ezequiel,Canoas,RS0006,RS0006RA004,NO2,004,4304606,43,Refap,Pública,Refap,Pública,-29.9303,-51.18179,Fixa,Referencia,Automatica,,,Extensão da poluição,Não,Consulta 2025,A cada 1 mês,Não,,Sim,Sim,,,Escala urbana,2004-08-01 00:00:00,2019-12-01 00:00:00,Inativa,
RS,Triunfo DEPREC,Triunfo,RS0009,RS0009RA001,MP10,001,4322004,43,Tractebel,Privada,Tractebel,Privada,-29.94089,-51.69297,Fixa,Referencia,Automatica,,,Extensão da poluição,Não,Consulta 2025,A cada 1 mês,Não,,Sim,Sim,,,Escala urbana,2011-08-01 00:00:00,2018-12-01 00:00:00,Inativa,
RS,Triunfo DEPREC,Triunfo,RS0009,RS0009RA007,CO,007,4322004,43,Tractebel,Privada,Tractebel,Privada,-29.94089,-51.69297,Fixa,Referencia,Automatica,,,Extensão da poluição,Não,Consulta 2025,A cada 1 mês,Não,,Sim,Sim,,,Escala urbana,2011-08-01 00:00:00,2018-12-01 00:00:00,Inativa,
RS,Triunfo DEPREC,Triunfo,RS0009,RS0009RA005,O3,005,4322004,43,Tractebel,Privada,Tractebel,Privada,-29.94089,-51.69297,Fixa,Referencia,Automatica,,,Extensão da poluição,Não,Consulta 2025,A cada 1 mês,Não,,Sim,Sim,,,Escala urbana,2011-08-01 00:00:00,2018-12-01 00:00:00,Inativa,
RS,Triunfo DEPREC,Triunfo,RS0009,RS0009RA003,SO2,003,4322004,43,Tractebel,Privada,Tractebel,Privada,-29.94089,-51.69297,Fixa,Referencia,Automatica,,,Extensão da poluição,Não,Consulta 2025,A cada 1 mês,Não,,Sim,Sim,,,Escala urbana,2011-08-01 00:00:00,2018-12-01 00:00:00,Inativa,
RS,Triunfo DEPREC,Triunfo,RS0009,RS0009RA004,NO2,004,4322004,43,Tractebel,Privada,Tractebel,Privada,-29.94089,-51.69297,Fixa,Referencia,Automatica,,,Extensão da poluição,Não,Consulta 2025,A cada 1 mês,Não,,Sim,Sim,,,Escala urbana,2011-08-01 00:00:00,2018-12-01 00:00:00,Inativa,
RS,Triunfo DEPREC,Triunfo,RS0009,RS0009RA001,MP10,001,4322004,43,Tractebel,Privada,Tractebel,Privada,-29.94089,-51.69297,Fixa,Referencia,Automatica,,,Extensão da poluição,Não,Consulta 2025,A cada 1 mês,Não,,Sim,Sim,,,Escala urbana,2011-08-01 00:00:00,2018-12-01 00:00:00,Inativa,
RS,Triunfo DEPREC,Triunfo,RS0009,RS0009RA007,CO,007,4322004,43,Tractebel,Privada,Tractebel,Privada,-29.94089,-51.69297,Fixa,Referencia,Automatica,,,Extensão da poluição,Não,Consulta 2025,A cada 1 mês,Não,,Sim,Sim,,,Escala urbana,2011-08-01 00:00:00,2018-12-01 00:00:00,Inativa,
RS,Triunfo DEPREC,Triunfo,RS0009,RS0009RA005,O3,005,4322004,43,Tractebel,Privada,Tractebel,Privada,-29.94089,-51.69297,Fixa,Referencia,Automatica,,,Extensão da poluição,Não,Consulta 2025,A cada 1 mês,Não,,Sim,Sim,,,Escala urbana,2011-08-01 00:00:00,2018-12-01 00:00:00,Inativa,
RS,Triunfo DEPREC,Triunfo,RS0009,RS0009RA003,SO2,003,4322004,43,Tractebel,Privada,Tractebel,Privada,-29.94089,-51.69297,Fixa,Referencia,Automatica,,,Extensão da poluição,Não,Consulta 2025,A cada 1 mês,Não,,Sim,Sim,,,Escala urbana,2011-08-01 00:00:00,2018-12-01 00:00:00,Inativa,
RS,Triunfo DEPREC,Triunfo,RS0009,RS0009RA004,NO2,004,4322004,43,Tractebel,Privada,Tractebel,Privada,-29.94089,-51.69297,Fixa,Referencia,Automatica,,,Extensão da poluição,Não,Consulta 2025,A cada 1 mês,Não,,Sim,Sim,,,Escala urbana,2011-08-01 00:00:00,2018-12-01 00:00:00,Inativa,
RS,Triunfo DEPREC,Triunfo,RS0009,RS0009RA001,MP10,001,4322004,43,Tractebel,Privada,Tractebel,Privada,-29.94089,-51.69297,Fixa,Referencia,Automatica,,,Extensão da poluição,Não,Consulta 2025,A cada 1 mês,Não,,Sim,Sim,,,Escala urbana,2011-08-01 00:00:00,2018-12-01 00:00:00,Inativa,
RS,Triunfo DEPREC,Triunfo,RS0009,RS0009RA007,CO,007,4322004,43,Tractebel,Privada,Tractebel,Privada,-29.94089,-51.69297,Fixa,Referencia,Automatica,,,Extensão da poluição,Não,Consulta 2025,A cada 1 mês,Não,,Sim,Sim,,,Escala urbana,2011-08-01 00:00:00,2018-12-01 00:00:00,Inativa,
RS,Triunfo DEPREC,Triunfo,RS0009,RS0009RA005,O3,005,4322004,43,Tractebel,Privada,Tractebel,Privada,-29.94089,-51.69297,Fixa,Referencia,Automatica,,,Extensão da poluição,Não,Consulta 2025,A cada 1 mês,Não,,Sim,Sim,,,Escala urbana,2011-08-01 00:00:00,2018-12-01 00:00:00,Inativa,
RS,Triunfo DEPREC,Triunfo,RS0009,RS0009RA003,SO2,003,4322004,43,Tractebel,Privada,Tractebel,Privada,-29.94089,-51.69297,Fixa,Referencia,Automatica,,,Extensão da poluição,Não,Consulta 2025,A cada 1 mês,Não,,Sim,Sim,,,Escala urbana,2011-08-01 00:00:00,2018-12-01 00:00:00,Inativa,
RS,Triunfo DEPREC,Triunfo,RS0009,RS0009RA004,NO2,004,4322004,43,Tractebel,Privada,Tractebel,Privada,-29.94089,-51.69297,Fixa,Referencia,Automatica,,,Extensão da poluição,Não,Consulta 2025,A cada 1 mês,Não,,Sim,Sim,,,Escala urbana,2011-08-01 00:00:00,2018-12-01 00:00:00,Inativa,
RS,Gravataí C Jardim Timbaúva,Gravataí,RS0012,RS0012RA001,MP10,001,4309209,43,FEPAM,Pública,GM,Privada,-29.92382,-50.98757,Fixa,Referencia,Automatica,,,Extensão da poluição,Sim,Consulta 2025,A cada 2 meses,Não,Checagem mensal,Sim,Sim,,,Escala urbana,2010-02-01 00:00:00,-,Ativa,
RS,Gravataí C Jardim Timbaúva,Gravataí,RS0012,RS0012RA007,CO,007,4309209,43,FEPAM,Pública,GM,Privada,-29.92382,-50.98757,Fixa,Referencia,Automatica,,,Extensão da poluição,Sim,Consulta 2025,A cada 2 meses,Não,Checagem mensal,Sim,Sim,,,Escala urbana,2010-02-01 00:00:00,-,Ativa,
RS,Gravataí C Jardim Timbaúva,Gravataí,RS0012,RS0012RA005,O3,005,4309209,43,FEPAM,Pública,GM,Privada,-29.92382,-50.98757,Fixa,Referencia,Automatica,,,Extensão da poluição,Sim,Consulta 2025,A cada 2 meses,Não,Checagem mensal,Sim,Sim,,,Escala urbana,2010-02-01 00:00:00,-,Ativa,
RS,Gravataí C Jardim Timbaúva,Gravataí,RS0012,RS0012RA003,SO2,003,4309209,43,FEPAM,Pública,GM,Privada,-29.92382,-50.98757,Fixa,Referencia,Automatica,,,Extensão da poluição,Sim,Consulta 2025,A cada 2 meses,Não,Checagem mensal,Sim,Sim,,,Escala urbana,2010-02-01 00:00:00,-,Ativa,
RS,Gravataí C Jardim Timbaúva,Gravataí,RS0012,RS0012RA004,NO2,004,4309209,43,FEPAM,Pública,GM,Privada,-29.92382,-50.98757,Fixa,Referencia,Automatica,,,Extensão da poluição,Sim,Consulta 2025,A cada 2 meses,Não,Checagem mensal,Sim,Sim,,,Escala urbana,2010-02-01 00:00:00,-,Ativa,
RS,Charqueadas-AT,Charqueadas,RS0013,RS0013RA001,MP10,001,4305355,43,Tractebel,Privada,Tractebel,Privada,-29.95423,-51.63092,Fixa,Referencia,Automatica,,,Extensão da poluição,Não,Consulta 2025,A cada 1 mês,Não,,Sim,Sim,,,Escala urbana,2011-08-01 00:00:00,2018-12-01 00:00:00,Inativa,
RS,Charqueadas-AT,Charqueadas,RS0013,RS0013RA007,CO,007,4305355,43,Tractebel,Privada,Tractebel,Privada,-29.95423,-51.63092,Fixa,Referencia,Automatica,,,Extensão da poluição,Não,Consulta 2025,A cada 1 mês,Não,,Sim,Sim,,,Escala urbana,2011-08-01 00:00:00,2018-12-01 00:00:00,Inativa,
RS,Charqueadas-AT,Charqueadas,RS0013,RS0013RA005,O3,005,4305355,43,Tractebel,Privada,Tractebel,Privada,-29.95423,-51.63092,Fixa,Referencia,Automatica,,,Extensão da poluição,Não,Consulta 2025,A cada 1 mês,Não,,Sim,Sim,,,Escala urbana,2011-08-01 00:00:00,2018-12-01 00:00:00,Inativa,
RS,Charqueadas-AT,Charqueadas,RS0013,RS0013RA003,SO2,003,4305355,43,Tractebel,Privada,Tractebel,Privada,-29.95423,-51.63092,Fixa,Referencia,Automatica,,,Extensão da poluição,Não,Consulta 2025,A cada 1 mês,Não,,Sim,Sim,,,Escala urbana,2011-08-01 00:00:00,2018-12-01 00:00:00,Inativa,
RS,Charqueadas-AT,Charqueadas,RS0013,RS0013RA004,NO2,004,4305355,43,Tractebel,Privada,Tractebel,Privada,-29.95423,-51.63092,Fixa,Referencia,Automatica,,,Extensão da poluição,Não,Consulta 2025,A cada 1 mês,Não,,Sim,Sim,,,Escala urbana,2011-08-01 00:00:00,2018-12-01 00:00:00,Inativa,
RS,Guaiba Parque 35,Guaíba,RS0015,RS0015RA001,MP10,001,4309308,43,CMPC,Privada,CMPC,Privada,-30.11388,-51.33203,Fixa,Referencia,Automatica,,,Extensão da poluição,Sim,Consulta 2025,A cada 1 mês,Não,,Sim,Sim,,,Escala urbana,2016-06-01 00:00:00,-,Ativa,
RS,Guaiba Parque 35,Guaíba,RS0015,RS0015RA007,CO,007,4309308,43,CMPC,Privada,CMPC,Privada,-30.11388,-51.33203,Fixa,Referencia,Automatica,,,Extensão da poluição,Sim,Consulta 2025,A cada 1 mês,Não,,Sim,Sim,,,Escala urbana,2016-06-01 00:00:00,-,Ativa,
RS,Guaiba Parque 35,Guaíba,RS0015,RS0015RA005,O3,005,4309308,43,CMPC,Privada,CMPC,Privada,-30.11388,-51.33203,Fixa,Referencia,Automatica,,,Extensão da poluição,Sim,Consulta 2025,A cada 1 mês,Não,,Sim,Sim,,,Escala urbana,2016-06-01 00:00:00,-,Ativa,
RS,Guaiba Parque 35,Guaíba,RS0015,RS0015RA003,SO2,003,4309308,43,CMPC,Privada,CMPC,Privada,-30.11388,-51.33203,Fixa,Referencia,Automatica,,,Extensão da poluição,Sim,Consulta 2025,A cada 1 mês,Não,,Sim,Sim,,,Escala urbana,2016-06-01 00:00:00,-,Ativa,
RS,Guaiba Parque 35,Guaíba,RS0015,RS0015RA004,NO2,004,4309308,43,CMPC,Privada,CMPC,Privada,-30.11388,-51.33203,Fixa,Referencia,Automatica,,,Extensão da poluição,Sim,Consulta 2025,A cada 1 mês,Não,,Sim,Sim,,,Escala urbana,2016-06-01 00:00:00,-,Ativa,
RS,Triunfo Polo Movel,Triunfo,RS0016,RS0016RA001,MP10,001,4322004,43,Braskem,Privada,Braskem,Privada,-29.88572,-51.36936,Móvel,Referencia,Automatica,,,Extensão da poluição,Sim,Consulta 2025,A cada 1 mês,Não,,Sim,Sim,,,Escala urbana,2016-02-01 00:00:00,-,Ativa,
RS,Triunfo Polo Movel,Triunfo,RS0016,RS0016RA007,CO,007,4322004,43,Braskem,Privada,Braskem,Privada,-29.88572,-51.36936,Móvel,Referencia,Automatica,,,Extensão da poluição,Sim,Consulta 2025,A cada 1 mês,Não,,Sim,Sim,,,Escala urbana,2016-02-01 00:00:00,-,Ativa,
RS,Triunfo Polo Movel,Triunfo,RS0016,RS0016RA005,O3,005,4322004,43,Braskem,Privada,Braskem,Privada,-29.88572,-51.36936,Móvel,Referencia,Automatica,,,Extensão da poluição,Sim,Consulta 2025,A cada 1 mês,Não,,Sim,Sim,,,Escala urbana,2016-02-01 00:00:00,-,Ativa,
RS,Triunfo Polo Movel,Triunfo,RS0016,RS0016RA003,SO2,003,4322004,43,Braskem,Privada,Braskem,Privada,-29.88572,-51.36936,Móvel,Referencia,Automatica,,,Extensão da poluição,Sim,Consulta 2025,A cada 1 mês,Não,,Sim,Sim,,,Escala urbana,2016-02-01 00:00:00,-,Ativa,
RS,Triunfo Polo Movel,Triunfo,RS0016,RS0016RA004,NO2,004,4322004,43,Braskem,Privada,Braskem,Privada,-29.88572,-51.36936,Móvel,Referencia,Automatica,,,Extensão da poluição,Sim,Consulta 2025,A cada 1 mês,Não,,Sim,Sim,,,Escala urbana,2016-02-01 00:00:00,-,Ativa,
RS,Triunfo Polo Movel,Triunfo,RS0016,RS0016RA002,MP25,002,4322004,43,Braskem,Privada,Braskem,Privada,-29.88572,-51.36936,Móvel,Referencia,Automatica,,,Extensão da poluição,Sim,Consulta 2025,A cada 1 mês,Não,,Sim,Sim,,,Escala urbana,2016-02-01 00:00:00,-,Ativa,
RS,Triunfo Polo Movel,Triunfo,RS0016,RS0016RA001,MP10,001,4322004,43,Braskem,Privada,Braskem,Privada,-29.88572,-51.36936,Móvel,Referencia,Automatica,,,Extensão da poluição,Sim,Consulta 2025,A cada 1 mês,Não,,Sim,Sim,,,Escala urbana,2016-02-01 00:00:00,-,Ativa,
RS,Triunfo Polo Movel,Triunfo,RS0016,RS0016RA007,CO,007,4322004,43,Braskem,Privada,Braskem,Privada,-29.88572,-51.36936,Móvel,Referencia,Automatica,,,Extensão da poluição,Sim,Consulta 2025,A cada 1 mês,Não,,Sim,Sim,,,Escala urbana,2016-02-01 00:00:00,-,Ativa,
RS,Triunfo Polo Movel,Triunfo,RS0016,RS0016RA005,O3,005,4322004,43,Braskem,Privada,Braskem,Privada,-29.88572,-51.36936,Móvel,Referencia,Automatica,,,Extensão da poluição,Sim,Consulta 2025,A cada 1 mês,Não,,Sim,Sim,,,Escala urbana,2016-02-01 00:00:00,-,Ativa,
RS,Triunfo Polo Movel,Triunfo,RS0016,RS0016RA003,SO2,003,4322004,43,Braskem,Privada,Braskem,Privada,-29.88572,-51.36936,Móvel,Referencia,Automatica,,,Extensão da poluição,Sim,Consulta 2025,A cada 1 mês,Não,,Sim,Sim,,,Escala urbana,2016-02-01 00:00:00,-,Ativa,
RS,Triunfo Polo Movel,Triunfo,RS0016,RS0016RA004,NO2,004,4322004,43,Braskem,Privada,Braskem,Privada,-29.88572,-51.36936,Móvel,Referencia,Automatica,,,Extensão da poluição,Sim,Consulta 2025,A cada 1 mês,Não,,Sim,Sim,,,Escala urbana,2016-02-01 00:00:00,-,Ativa,
RS,Triunfo Polo Movel,Triunfo,RS0016,RS0016RA002,MP25,002,4322004,43,Braskem,Privada,Braskem,Privada,-29.88572,-51.36936,Móvel,Referencia,Automatica,,,Extensão da poluição,Sim,Consulta 2025,A cada 1 mês,Não,,Sim,Sim,,,Escala urbana,2016-02-01 00:00:00,-,Ativa,
RS,Triunfo Polo Movel,Triunfo,RS0016,RS0016RA001,MP10,001,4322004,43,Braskem,Privada,Braskem,Privada,-29.88572,-51.36936,Móvel,Referencia,Automatica,,,Extensão da poluição,Sim,Consulta 2025,A cada 1 mês,Não,,Sim,Sim,,,Escala urbana,2016-02-01 00:00:00,-,Ativa,
RS,Triunfo Polo Movel,Triunfo,RS0016,RS0016RA007,CO,007,4322004,43,Braskem,Privada,Braskem,Privada,-29.88572,-51.36936,Móvel,Referencia,Automatica,,,Extensão da poluição,Sim,Consulta 2025,A cada 1 mês,Não,,Sim,Sim,,,Escala urbana,2016-02-01 00:00:00,-,Ativa,
RS,Triunfo Polo Movel,Triunfo,RS0016,RS0016RA005,O3,005,4322004,43,Braskem,Privada,Braskem,Privada,-29.88572,-51.36936,Móvel,Referencia,Automatica,,,Extensão da poluição,Sim,Consulta 2025,A cada 1 mês,Não,,Sim,Sim,,,Escala urbana,2016-02-01 00:00:00,-,Ativa,
RS,Triunfo Polo Movel,Triunfo,RS0016,RS0016RA003,SO2,003,4322004,43,Braskem,Privada,Braskem,Privada,-29.88572,-51.36936,Móvel,Referencia,Automatica,,,Extensão da poluição,Sim,Consulta 2025,A cada 1 mês,Não,,Sim,Sim,,,Escala urbana,2016-02-01 00:00:00,-,Ativa,
RS,Triunfo Polo Movel,Triunfo,RS0016,RS0016RA004,NO2,004,4322004,43,Braskem,Privada,Braskem,Privada,-29.88572,-51.36936,Móvel,Referencia,Automatica,,,Extensão da poluição,Sim,Consulta 2025,A cada 1 mês,Não,,Sim,Sim,,,Escala urbana,2016-02-01 00:00:00,-,Ativa,
RS,Triunfo Polo Movel,Triunfo,RS0016,RS0016RA002,MP25,002,4322004,43,Braskem,Privada,Braskem,Privada,-29.88572,-51.36936,Móvel,Referencia,Automatica,,,Extensão da poluição,Sim,Consulta 2025,A cada 1 mês,Não,,Sim,Sim,,,Escala urbana,2016-02-01 00:00:00,-,Ativa,
RS,Esteio Parque de Exposição,Esteio,RS0017,RS0017RA001,MP10,001,4307708,43,Refap,Pública,Refap,Pública,-29.85487,-51.1811,Fixa,Referencia,Automatica,,,Extensão da poluição,Sim,Consulta 2025,A cada 1 mês,Não,,Sim,Sim,,,Escala urbana,2020-01-01 00:00:00,-,Ativa,
RS,Esteio Parque de Exposição,Esteio,RS0017,RS0017RA007,CO,007,4307708,43,Refap,Pública,Refap,Pública,-29.85487,-51.1811,Fixa,Referencia,Automatica,,,Extensão da poluição,Sim,Consulta 2025,A cada 1 mês,Não,,Sim,Sim,,,Escala urbana,2020-01-01 00:00:00,-,Ativa,
RS,Esteio Parque de Exposição,Esteio,RS0017,RS0017RA005,O3,005,4307708,43,Refap,Pública,Refap,Pública,-29.85487,-51.1811,Fixa,Referencia,Automatica,,,Extensão da poluição,Sim,Consulta 2025,A cada 1 mês,Não,,Sim,Sim,,,Escala urbana,2020-01-01 00:00:00,-,Ativa,
RS,Esteio Parque de Exposição,Esteio,RS0017,RS0017RA003,SO2,003,4307708,43,Refap,Pública,Refap,Pública,-29.85487,-51.1811,Fixa,Referencia,Automatica,,,Extensão da poluição,Sim,Consulta 2025,A cada 1 mês,Não,,Sim,Sim,,,Escala urbana,2020-01-01 00:00:00,-,Ativa,
RS,Esteio Parque de Exposição,Esteio,RS0017,RS0017RA004,NO2,004,4307708,43,Refap,Pública,Refap,Pública,-29.85487,-51.1811,Fixa,Referencia,Automatica,,,Extensão da poluição,Sim,Consulta 2025,A cada 1 mês,Não,,Sim,Sim,,,Escala urbana,2020-01-01 00:00:00,-,Ativa,
RS,Rio Grande Porto,Rio Grande,RS0018,RS0018RA001,MP10,001,4315602,43,SPH,Pública,SPH,Pública,-32.0698,-52.0947,Móvel,Referencia,Automatica,,,Extensão da poluição,Não,Consulta 2025,A cada 1 mês,Não,,Sim,Sim,,,Escala urbana,2022-01-01 00:00:00,2022-08-01 00:00:00,Inativa,
RS,Rio Grande Porto,Rio Grande,RS0018,RS0018RA007,CO,007,4315602,43,SPH,Pública,SPH,Pública,-32.0698,-52.0947,Móvel,Referencia,Automatica,,,Extensão da poluição,Não,Consulta 2025,A cada 1 mês,Não,,Sim,Sim,,,Escala urbana,2022-01-01 00:00:00,2022-08-01 00:00:00,Inativa,
RS,Rio Grande Porto,Rio Grande,RS0018,RS0018RA005,O3,005,4315602,43,SPH,Pública,SPH,Pública,-32.0698,-52.0947,Móvel,Referencia,Automatica,,,Extensão da poluição,Não,Consulta 2025,A cada 1 mês,Não,,Sim,Sim,,,Escala urbana,2022-01-01 00:00:00,2022-08-01 00:00:00,Inativa,
RS,Rio Grande Porto,Rio Grande,RS0018,RS0018RA003,SO2,003,4315602,43,SPH,Pública,SPH,Pública,-32.0698,-52.0947,Móvel,Referencia,Automatica,,,Extensão da poluição,Não,Consulta 2025,A cada 1 mês,Não,,Sim,Sim,,,Escala urbana,2022-01-01 00:00:00,2022-08-01 00:00:00,Inativa,
RS,Rio Grande Porto,Rio Grande,RS0018,RS0018RA004,NO2,004,4315602,43,SPH,Pública,SPH,Pública,-32.0698,-52.0947,Móvel,Referencia,Automatica,,,Extensão da poluição,Não,Consulta 2025,A cada 1 mês,Não,,Sim,Sim,,,Escala urbana,2022-01-01 00:00:00,2022-08-01 00:00:00,Inativa,
RS,Rio Grande Porto,Rio Grande,RS0018,RS0018RA002,MP25,002,4315602,43,SPH,Pública,SPH,Pública,-32.0698,-52.0947,Móvel,Referencia,Automatica,,,Extensão da poluição,Não,Consulta 2025,A cada 1 mês,Não,,Sim,Sim,,,Escala urbana,2022-01-01 00:00:00,2022-08-01 00:00:00,Inativa,
RS,Candiota Aeroporto,Candiota,RS0019,RS0019RA001,MP10,001,4304358,43,Ambar Energia,Privada,Ambar Energia,Privada,-31.495208,-53.694004,Fixa,Referencia,Automatico,,,Extensão da poluição,Sim,Consulta 2025,A cada 1 mês,Não,,Sim,Sim,,,Escala urbana,(sem inf),-,Sim,
RS,Candiota Aeroporto,Candiota,RS0019,RS0019RA007,CO,007,4304358,43,Ambar Energia,Privada,Ambar Energia,Privada,-31.495208,-53.694004,Fixa,Referencia,Automatico,,,Extensão da poluição,Sim,Consulta 2025,A cada 1 mês,Não,,Sim,Sim,,,Escala urbana,(sem inf),-,Sim,
RS,Candiota Aeroporto,Candiota,RS0019,RS0019RA005,O3,005,4304358,43,Ambar Energia,Privada,Ambar Energia,Privada,-31.495208,-53.694004,Fixa,Referencia,Automatico,,,Extensão da poluição,Sim,Consulta 2025,A cada 1 mês,Não,,Sim,Sim,,,Escala urbana,(sem inf),-,Sim,
RS,Candiota Aeroporto,Candiota,RS0019,RS0019RA003,SO2,003,4304358,43,Ambar Energia,Privada,Ambar Energia,Privada,-31.495208,-53.694004,Fixa,Referencia,Automatico,,,Extensão da poluição,Sim,Consulta 2025,A cada 1 mês,Não,,Sim,Sim,,,Escala urbana,(sem inf),-,Sim,
RS,Candiota Aeroporto,Candiota,RS0019,RS0019RA004,NO2,004,4304358,43,Ambar Energia,Privada,Ambar Energia,Privada,-31.495208,-53.694004,Fixa,Referencia,Automatico,,,Extensão da poluição,Sim,Consulta 2025,A cada 1 mês,Não,,Sim,Sim,,,Escala urbana,(sem inf),-,Sim,
RS,Candiota Candiota,Candiota,RS0020,RS0020RA001,MP10,001,4304358,43,Ambar Energia,Privada,Ambar Energia,Privada,-31.543474,-53.715842,Fixa,Referencia,Automatico,,,Extensão da poluição,Não,Consulta 2025,A cada 1 mês,Não,,Sim,Sim,,,Escala urbana,(sem inf),-,Sim,
RS,Candiota Candiota,Candiota,RS0020,RS0020RA007,CO,007,4304358,43,Ambar Energia,Privada,Ambar Energia,Privada,-31.543474,-53.715842,Fixa,Referencia,Automatico,,,Extensão da poluição,Não,Consulta 2025,A cada 1 mês,Não,,Sim,Sim,,,Escala urbana,(sem inf),-,Sim,
RS,Candiota Candiota,Candiota,RS0020,RS0020RA005,O3,005,4304358,43,Ambar Energia,Privada,Ambar Energia,Privada,-31.543474,-53.715842,Fixa,Referencia,Automatico,,,Extensão da poluição,Não,Consulta 2025,A cada 1 mês,Não,,Sim,Sim,,,Escala urbana,(sem inf),-,Sim,
RS,Candiota Candiota,Candiota,RS0020,RS0020RA003,SO2,003,4304358,43,Ambar Energia,Privada,Ambar Energia,Privada,-31.543474,-53.715842,Fixa,Referencia,Automatico,,,Extensão da poluição,Não,Consulta 2025,A cada 1 mês,Não,,Sim,Sim,,,Escala urbana,(sem inf),-,Sim,
RS,Candiota Candiota,Candiota,RS0020,RS0020RA004,NO2,004,4304358,43,Ambar Energia,Privada,Ambar Energia,Privada,-31.543474,-53.715842,Fixa,Referencia,Automatico,,,Extensão da poluição,Não,Consulta 2025,A cada 1 mês,Não,,Sim,Sim,,,Escala urbana,(sem inf),-,Sim,
RS,Candiota Tres Lagoas,Candiota,RS0021,RS0021RA001,MP10,001,4304358,43,Ambar Energia,Privada,Ambar Energia,Privada,-31.595093,-53.728574,Fixa,Referencia,Automatico,,,Extensão da poluição,Não,Consulta 2025,A cada 1 mês,Não,,Sim,Sim,,,Escala urbana,(sem inf),-,Sim,
RS,Candiota Tres Lagoas,Candiota,RS0021,RS0021RA007,CO,007,4304358,43,Ambar Energia,Privada,Ambar Energia,Privada,-31.595093,-53.728574,Fixa,Referencia,Automatico,,,Extensão da poluição,Não,Consulta 2025,A cada 1 mês,Não,,Sim,Sim,,,Escala urbana,(sem inf),-,Sim,
RS,Candiota Tres Lagoas,Candiota,RS0021,RS0021RA005,O3,005,4304358,43,Ambar Energia,Privada,Ambar Energia,Privada,-31.595093,-53.728574,Fixa,Referencia,Automatico,,,Extensão da poluição,Não,Consulta 2025,A cada 1 mês,Não,,Sim,Sim,,,Escala urbana,(sem inf),-,Sim,
RS,Candiota Tres Lagoas,Candiota,RS0021,RS0021RA003,SO2,003,4304358,43,Ambar Energia,Privada,Ambar Energia,Privada,-31.595093,-53.728574,Fixa,Referencia,Automatico,,,Extensão da poluição,Não,Consulta 2025,A cada 1 mês,Não,,Sim,Sim,,,Escala urbana,(sem inf),-,Sim,
RS,Candiota Tres Lagoas,Candiota,RS0021,RS0021RA004,NO2,004,4304358,43,Ambar Energia,Privada,Ambar Energia,Privada,-31.595093,-53.728574,Fixa,Referencia,Automatico,,,Extensão da poluição,Não,Consulta 2025,A cada 1 mês,Não,,Sim,Sim,,,Escala urbana,(sem inf),-,Sim,
RS,POA CETE,Porto Alegre,RS0022,RS0022RA001,MP10,001,4314902,43,FEPAM,Pública,RB Ambiental,Pública,-30.057509,-51.219259,Móvel,Referencia,Automatico,,,Extensão da poluição,Sim,Consulta 2025,A cada 1 mês,Não,,Sim,Sim,,,Mesoescala,2024-11-01 00:00:00,-,Sim,
RS,POA CETE,Porto Alegre,RS0022,RS0022RA007,CO,007,4314902,43,FEPAM,Pública,RB Ambiental,Pública,-30.057509,-51.219259,Móvel,Referencia,Automatico,,,Extensão da poluição,Sim,Consulta 2025,A cada 1 mês,Não,,Sim,Sim,,,Mesoescala,2024-11-01 00:00:00,-,Sim,
RS,POA CETE,Porto Alegre,RS0022,RS0022RA005,O3,005,4314902,43,FEPAM,Pública,RB Ambiental,Pública,-30.057509,-51.219259,Móvel,Referencia,Automatico,,,Extensão da poluição,Sim,Consulta 2025,A cada 1 mês,Não,,Sim,Sim,,,Mesoescala,2024-11-01 00:00:00,-,Sim,
RS,POA CETE,Porto Alegre,RS0022,RS0022RA003,SO2,003,4314902,43,FEPAM,Pública,RB Ambiental,Pública,-30.057509,-51.219259,Móvel,Referencia,Automatico,,,Extensão da poluição,Sim,Consulta 2025,A cada 1 mês,Não,,Sim,Sim,,,Mesoescala,2024-11-01 00:00:00,-,Sim,
RS,POA CETE,Porto Alegre,RS0022,RS0022RA004,NO2,004,4314902,43,FEPAM,Pública,RB Ambiental,Pública,-30.057509,-51.219259,Móvel,Referencia,Automatico,,,Extensão da poluição,Sim,Consulta 2025,A cada 1 mês,Não,,Sim,Sim,,,Mesoescala,2024-11-01 00:00:00,-,Sim,
RS,POA CETE,Porto Alegre,RS0022,RS0022RA002,MP25,002,4314902,43,FEPAM,Pública,RB Ambiental,Pública,-30.057509,-51.219259,Móvel,Referencia,Automatico,,,Extensão da poluição,Sim,Consulta 2025,A cada 1 mês,Não,,Sim,Sim,,,Mesoescala,2024-11-01 00:00:00,-,Sim,
SC,Vila Moema,Tubarão,SC0001,SC0001RA005,O3,005,4218707,42,Diamante Geração De EnergiaLTDA.,Privada,Diamante Geração De EnergiaLTDA.,Privada,-28.4835778,-49.0002,Fixa,Referencia,Automatica,Ultravioleta(O3),,Licenciamento,Sim,Consulta 2025,,,,,,,,,,,Ativa,
SC,Vila Moema,Tubarão,SC0001,SC0001RA001,MP10,001,4218707,42,Diamante Geração De EnergiaLTDA.,Privada,Diamante Geração De EnergiaLTDA.,Privada,-28.4835778,-49.0002,Fixa,Referencia,Automatica,Radiacao Beta  (MP10),,Licenciamento,Sim,Consulta 2025,,,,,,,,,,,Ativa,
SC,Vila Moema,Tubarão,SC0001,SC0001RA002,MP25,002,4218707,42,Diamante Geração De EnergiaLTDA.,Privada,Diamante Geração De EnergiaLTDA.,Privada,-28.4835778,-49.0002,Fixa,Referencia,Automatica,Radiacao Beta (MP25),,Licenciamento,Sim,Consulta 2025,,,,,,,,,,,Ativa,
SC,Vila Moema,Tubarão,SC0001,SC0001RA004,NO2,004,4218707,42,Diamante Geração De EnergiaLTDA.,Privada,Diamante Geração De EnergiaLTDA.,Privada,-28.4835778,-49.0002,Fixa,Referencia,Automatica,Quimiluminescencia(NO2),,Licenciamento,Sim,Consulta 2025,,,,,,,,,,,Ativa,
SC,Vila Moema,Tubarão,SC0001,SC0001RA018,NOX,018,4218707,42,Diamante Geração De EnergiaLTDA.,Privada,Diamante Geração De EnergiaLTDA.,Privada,-28.4835778,-49.0002,Fixa,Referencia,Automatica,Quimiluminescencia(NOX),,Licenciamento,Sim,Consulta 2025,,,,,,,,,,,Ativa,
SC,Vila Moema,Tubarão,SC0001,SC0001RA008,PTS,008,4218707,42,Diamante Geração De EnergiaLTDA.,Privada,Diamante Geração De EnergiaLTDA.,Privada,-28.4835778,-49.0002,Fixa,Referencia,Automatica,Radiacao Beta(PTS),,Licenciamento,Sim,Consulta 2025,,,,,,,,,,,Ativa,
SC,Vila Moema,Tubarão,SC0001,SC0001RA003,SO2,003,4218707,42,Diamante Geração De EnergiaLTDA.,Privada,Diamante Geração De EnergiaLTDA.,Privada,-28.4835778,-49.0002,Fixa,Referencia,Automatica,Ultravioleta(SO2),,Licenciamento,Sim,Consulta 2025,,,,,,,,,,,Ativa,
SC,Vila Moema,Tubarão,SC0001,SC0001RA007,CO,007,4218707,42,Diamante Geração De EnergiaLTDA.,Privada,Diamante Geração De EnergiaLTDA.,Privada,-28.4835778,-49.0002,Fixa,Referencia,Automatica,Infravermelho Não dispersivo (CO),,Licenciamento,Sim,Consulta 2025,,,,,,,,,,,Ativa,
SC,Capivari,Capivari de Baixo,SC0002,SC0002RA004,NO2,004,4203956,42,Diamante Geração De EnergiaLTDA.,Privada,Diamante Geração De EnergiaLTDA.,Privada,-28.4457167,-48.9588417,Fixa,Referencia,Automatica,Quimiluminescencia(NO2),,Licenciamento,Sim,Consulta 2025,,,,,,,,,,,Ativa,
SC,Capivari,Capivari de Baixo,SC0002,SC0002RA018,NOX,018,4203956,42,Diamante Geração De EnergiaLTDA.,Privada,Diamante Geração De EnergiaLTDA.,Privada,-28.4457167,-48.9588417,Fixa,Referencia,Automatica,Quimiluminescencia(NOX),,Licenciamento,Sim,Consulta 2025,,,,,,,,,,,Ativa,
SC,Capivari,Capivari de Baixo,SC0002,SC0002RA005,O3,005,4203956,42,Diamante Geração De EnergiaLTDA.,Privada,Diamante Geração De EnergiaLTDA.,Privada,-28.4457167,-48.9588417,Fixa,Referencia,Automatica,Ultravioleta(O3),,Licenciamento,Sim,Consulta 2025,,,,,,,,,,,Ativa,
SC,Capivari,Capivari de Baixo,SC0002,SC0002RA008,PTS,008,4203956,42,Diamante Geração De EnergiaLTDA.,Privada,Diamante Geração De EnergiaLTDA.,Privada,-28.4457167,-48.9588417,Fixa,Referencia,Automatica,Radiacao Beta(PTS),,Licenciamento,Sim,Consulta 2025,,,,,,,,,,,Ativa,
SC,Capivari,Capivari de Baixo,SC0002,SC0002RA003,SO2,003,4203956,42,Diamante Geração De EnergiaLTDA.,Privada,Diamante Geração De EnergiaLTDA.,Privada,-28.4457167,-48.9588417,Fixa,Referencia,Automatica,Ultravioleta(SO2),,Licenciamento,Sim,Consulta 2025,,,,,,,,,,,Ativa,
SC,Capivari,Capivari de Baixo,SC0002,SC0002RA001,MP10,001,4203956,42,Diamante Geração De EnergiaLTDA.,Privada,Diamante Geração De EnergiaLTDA.,Privada,-28.4457167,-48.9588417,Fixa,Referencia,Automatica,Radiacao Beta  (MP10),,Licenciamento,Sim,Consulta 2025,,,,,,,,,,,Ativa,
SC,São Bernardo,Tubarão,SC0003,SC0003RA008,PTS,008,4218707,42,Diamante Geração De EnergiaLTDA.,Privada,Diamante Geração De EnergiaLTDA.,Privada,-28.44602,-49.0259,Fixa,Referencia,Automatica,Radiacao Beta(PTS),,Licenciamento,Sim,Consulta 2025,,,,,,,,,,,Ativa,
SC,São Bernardo,Tubarão,SC0003,SC0003RA003,SO2,003,4218707,42,Diamante Geração De EnergiaLTDA.,Privada,Diamante Geração De EnergiaLTDA.,Privada,-28.44602,-49.0259,Fixa,Referencia,Automatica,Ultravioleta(SO2),,Licenciamento,Sim,Consulta 2025,,,,,,,,,,,Ativa,
SC,São Bernardo,Tubarão,SC0003,SC0003RA005,O3,005,4218707,42,Diamante Geração De EnergiaLTDA.,Privada,Diamante Geração De EnergiaLTDA.,Privada,-28.44602,-49.0259,Fixa,Referencia,Automatica,Ultravioleta(O3),,Licenciamento,Sim,Consulta 2025,,,,,,,,,,,Ativa,
SC,São Bernardo,Tubarão,SC0003,SC0003RA018,NOX,018,4218707,42,Diamante Geração De EnergiaLTDA.,Privada,Diamante Geração De EnergiaLTDA.,Privada,-28.44602,-49.0259,Fixa,Referencia,Automatica,Quimiluminescencia(NOX),,Licenciamento,Sim,Consulta 2025,,,,,,,,,,,Ativa,
SC,São Bernardo,Tubarão,SC0003,SC0003RA004,NO2,004,4218707,42,Diamante Geração De EnergiaLTDA.,Privada,Diamante Geração De EnergiaLTDA.,Privada,-28.44602,-49.0259,Fixa,Referencia,Automatica,Quimiluminescencia(NO2),,Licenciamento,Sim,Consulta 2025,,,,,,,,,,,Ativa,
SC,São Bernardo,Tubarão,SC0003,SC0003RA001,MP10,001,4218707,42,Diamante Geração De EnergiaLTDA.,Privada,Diamante Geração De EnergiaLTDA.,Privada,-28.44602,-49.0259,Fixa,Referencia,Automatica,Radiacao Beta  (MP10),,Licenciamento,Sim,Consulta 2025,,,,,,,,,,,Ativa,
SC,UFSC,Florianopolis,SC0004,SC0004RA005,O3,005,4205407,42,IMA,Publica,IMA/UFSC,Publica,-27.599,-48.5192,Movel,Referencia,Automatica,Fotometria UV(O3),,regional/urbano,Não,Consulta 2025,"Mensal(O3),Mensal(NO2),Mensal(MP25)",,,,,,,,,,Ativa,
SC,UFSC,Florianopolis,SC0004,SC0004RA004,NO2,004,4205407,42,IMA,Publica,IMA/UFSC,Publica,-27.599,-48.5192,Movel,Referencia,Automatica,Quimiluminescencia(NO2),,regional/urbano,Não,Consulta 2025,"Mensal(O3),Mensal(NO2),Mensal(MP25)",,,,,,,,,,Ativa,
SC,UFSC,Florianopolis,SC0004,SC0004RA002,MP25,002,4205407,42,IMA,Publica,IMA/UFSC,Publica,-27.599,-48.5192,Movel,Referencia,Automatica,radiacao beta atenuada (MP25),,regional/urbano,Não,Consulta 2025,"Mensal(O3),Mensal(NO2),Mensal(MP25)",,,,,,,,,,Ativa,
SP,Americana,Americana,SP0290,SP0290RA001,MP10,001,3501608,35,CETESB,Pública,CETESB,Pública,-22.72451,-47.34746,Fixa,Referencia,Automatica,radiação Beta,,Fornecer dados,,Coleta Interna,diária,Não,,,,,,Bairro,2018-02-01 00:00:00,,Ativa,
SP,Americana,Americana,SP0290,SP0290RA005,O3,005,3501608,35,CETESB,Pública,CETESB,Pública,-22.72451,-47.34746,Fixa,Referencia,Automatica,ultravioleta,,Fornecer dados,,Coleta Interna,diária,Não,,,,,,Bairro,2018-02-01 00:00:00,,Ativa,
SP,Americana,Americana,SP0290,SP0290RA012,ERT,012,3501608,35,CETESB,Pública,CETESB,Pública,-22.72451,-47.34746,Fixa,Referencia,Automatica,oxidação térmica - fluorescência de pulso (ultravioleta),,Fornecer dados,,Coleta Interna,diária,Não,,,,,,Bairro,2018-02-01 00:00:00,,Ativa,
SP,Americana-Vila Sta Maria,Americana,SP0105,SP0105RA001,MP10,001,3501608,35,CETESB,Pública,CETESB,Pública,-22.7242527,-47.33954929,,Referencia,Automatica,radiação Beta,,Fornecer dados,,Coleta Interna,,,,,,,,,,,Inativa,
SP,Americana-Vila Sta Maria,Americana,SP0105,SP0105RA005,O3,005,3501608,35,CETESB,Pública,CETESB,Pública,-22.7242527,-47.33954929,,Referencia,Automatica,ultravioleta,,Fornecer dados,,Coleta Interna,,,,,,,,,,,Inativa,
SP,Americana-Vila Sta Maria,Americana,SP0105,SP0105RA012,ERT,012,3501608,35,CETESB,Pública,CETESB,Pública,-22.7242527,-47.33954929,,Referencia,Automatica,oxidação térmica - fluorescência de pulso (ultravioleta),,Fornecer dados,,Coleta Interna,,,,,,,,,,,Inativa,
SP,Araraquara,Araraquara,SP0106,SP0106RA001,MP10,001,3503208,35,CETESB,Pública,CETESB,Pública,-21.78252,-48.18583,Fixa,Referencia,Automatica,radiação Beta,,Fornecer dados,,Coleta Interna,diária,Não,,,,,,Bairro,2008-07-01 00:00:00,,Ativa,
SP,Araraquara,Araraquara,SP0106,SP0106RA017,NO,017,3503208,35,CETESB,Pública,CETESB,Pública,-21.78252,-48.18583,Fixa,Referencia,Automatica,,,Fornecer dados,,Coleta Interna,diária,Não,,,,,,Bairro,2008-07-01 00:00:00,,Ativa,
SP,Araraquara,Araraquara,SP0106,SP0106RA005,O3,005,3503208,35,CETESB,Pública,CETESB,Pública,-21.78252,-48.18583,Fixa,Referencia,Automatica,ultravioleta,,Fornecer dados,,Coleta Interna,diária,Não,,,,,,Bairro,2008-07-01 00:00:00,,Ativa,
SP,Araraquara,Araraquara,SP0106,SP0106RA004,NO2,004,3503208,35,CETESB,Pública,CETESB,Pública,-21.78252,-48.18583,Fixa,Referencia,Automatica,,,Fornecer dados,,Coleta Interna,diária,Não,,,,,,Bairro,2008-07-01 00:00:00,,Ativa,
SP,Araraquara,Araraquara,SP0106,SP0106RA018,NOX,018,3503208,35,CETESB,Pública,CETESB,Pública,-21.78252,-48.18583,Fixa,Referencia,Automatica,,,Fornecer dados,,Coleta Interna,diária,Não,,,,,,Bairro,2008-07-01 00:00:00,,Ativa,
SP,Araçatuba,Araçatuba,SP0107,SP0107RA001,MP10,001,3502804,35,CETESB,Pública,CETESB,Pública,-21.18684,-50.43932,Fixa,Referencia,Automatica,radiação Beta,,Fornecer dados,,Coleta Interna,diária,Não,,,,,,Urbana,2008-08-01 00:00:00,,Ativa,
SP,Araçatuba,Araçatuba,SP0107,SP0107RA017,NO,017,3502804,35,CETESB,Pública,CETESB,Pública,-21.18684,-50.43932,Fixa,Referencia,Automatica,,,Fornecer dados,,Coleta Interna,diária,Não,,,,,,Urbana,2008-08-01 00:00:00,,Ativa,
SP,Araçatuba,Araçatuba,SP0107,SP0107RA005,O3,005,3502804,35,CETESB,Pública,CETESB,Pública,-21.18684,-50.43932,Fixa,Referencia,Automatica,ultravioleta,,Fornecer dados,,Coleta Interna,diária,Não,,,,,,Urbana,2008-08-01 00:00:00,,Ativa,
SP,Araçatuba,Araçatuba,SP0107,SP0107RA004,NO2,004,3502804,35,CETESB,Pública,CETESB,Pública,-21.18684,-50.43932,Fixa,Referencia,Automatica,,,Fornecer dados,,Coleta Interna,diária,Não,,,,,,Urbana,2008-08-01 00:00:00,,Ativa,
SP,Araçatuba,Araçatuba,SP0107,SP0107RA018,NOX,018,3502804,35,CETESB,Pública,CETESB,Pública,-21.18684,-50.43932,Fixa,Referencia,Automatica,,,Fornecer dados,,Coleta Interna,diária,Não,,,,,,Urbana,2008-08-01 00:00:00,,Ativa,
SP,Bauru,Bauru,SP0108,SP0108RA001,MP10,001,3506003,35,CETESB,Pública,CETESB,Pública,-22.32661,-49.09276,Fixa,Referencia,Automatica,radiação Beta,,Fornecer dados,,Coleta Interna,diária,Não,,,,,,Bairro,2008-05-01 00:00:00,,Ativa,
SP,Bauru,Bauru,SP0108,SP0108RA017,NO,017,3506003,35,CETESB,Pública,CETESB,Pública,-22.32661,-49.09276,Fixa,Referencia,Automatica,,,Fornecer dados,,Coleta Interna,diária,Não,,,,,,Bairro,2008-05-01 00:00:00,,Ativa,
SP,Bauru,Bauru,SP0108,SP0108RA005,O3,005,3506003,35,CETESB,Pública,CETESB,Pública,-22.32661,-49.09276,Fixa,Referencia,Automatica,ultravioleta,,Fornecer dados,,Coleta Interna,diária,Não,,,,,,Bairro,2008-05-01 00:00:00,,Ativa,
SP,Bauru,Bauru,SP0108,SP0108RA004,NO2,004,3506003,35,CETESB,Pública,CETESB,Pública,-22.32661,-49.09276,Fixa,Referencia,Automatica,,,Fornecer dados,,Coleta Interna,diária,Não,,,,,,Bairro,2008-05-01 00:00:00,,Ativa,
SP,Bauru,Bauru,SP0108,SP0108RA018,NOX,018,3506003,35,CETESB,Pública,CETESB,Pública,-22.32661,-49.09276,Fixa,Referencia,Automatica,,,Fornecer dados,,Coleta Interna,diária,Não,,,,,,Bairro,2008-05-01 00:00:00,,Ativa,
SP,Bauru,Bauru,SP0108,SP0108RA002,MP25,002,3506003,35,CETESB,Pública,CETESB,Pública,-22.32661,-49.09276,Fixa,Referencia,Automatica,radiação Beta,,Fornecer dados,,Coleta Interna,diária,Não,,,,,,Bairro,2008-05-01 00:00:00,,Ativa,
SP,Cambuci,São Paulo,SP0090,SP0090RA001,MP10,001,3550308,35,CETESB,Pública,CETESB,Pública,-23.46320938,-46.4962136,,Referencia,Automatica,radiação Beta,,Fornecer dados,,Coleta Interna,,,,,,,,,,,Inativa,
SP,Campinas-Centro,Campinas,SP0089,SP0089RA001,MP10,001,3509502,35,CETESB,Pública,CETESB,Pública,-22.90252,-47.05721,Fixa,Referencia,Automatica,radiação Beta,,Fornecer dados,,Coleta Interna,diária,Não,,,,,,Micro,1998-01-01 00:00:00,,Ativa,
SP,Campinas-Centro,Campinas,SP0089,SP0089RA017,NO,017,3509502,35,CETESB,Pública,CETESB,Pública,-22.90252,-47.05721,Fixa,Referencia,Automatica,,,Fornecer dados,,Coleta Interna,diária,Não,,,,,,Micro,1998-01-01 00:00:00,,Ativa,
SP,Campinas-Centro,Campinas,SP0089,SP0089RA007,CO,007,3509502,35,CETESB,Pública,CETESB,Pública,-22.90252,-47.05721,Fixa,Referencia,Automatica,infravermelho não dispersivo (GFC),,Fornecer dados,,Coleta Interna,diária,Não,,,,,,Micro,1998-01-01 00:00:00,,Ativa,
SP,Campinas-Centro,Campinas,SP0089,SP0089RA004,NO2,004,3509502,35,CETESB,Pública,CETESB,Pública,-22.90252,-47.05721,Fixa,Referencia,Automatica,,,Fornecer dados,,Coleta Interna,diária,Não,,,,,,Micro,1998-01-01 00:00:00,,Ativa,
SP,Campinas-Centro,Campinas,SP0089,SP0089RA018,NOX,018,3509502,35,CETESB,Pública,CETESB,Pública,-22.90252,-47.05721,Fixa,Referencia,Automatica,,,Fornecer dados,,Coleta Interna,diária,Não,,,,,,Micro,1998-01-01 00:00:00,,Ativa,
SP,Campinas-Taquaral,Campinas,SP0276,SP0276RA001,MP10,001,3509502,35,CETESB,Pública,CETESB,Pública,-22.87462,-47.05897,Fixa,Referencia,Automatica,radiação Beta,,Fornecer dados,,Coleta Interna,diária,Não,,,,,,Urbana,2015-05-01 00:00:00,,Ativa,
SP,Campinas-Taquaral,Campinas,SP0276,SP0276RA017,NO,017,3509502,35,CETESB,Pública,CETESB,Pública,-22.87462,-47.05897,Fixa,Referencia,Automatica,,,Fornecer dados,,Coleta Interna,diária,Não,,,,,,Urbana,2015-05-01 00:00:00,,Ativa,
SP,Campinas-Taquaral,Campinas,SP0276,SP0276RA005,O3,005,3509502,35,CETESB,Pública,CETESB,Pública,-22.87462,-47.05897,Fixa,Referencia,Automatica,ultravioleta,,Fornecer dados,,Coleta Interna,diária,Não,,,,,,Urbana,2015-05-01 00:00:00,,Ativa,
SP,Campinas-Taquaral,Campinas,SP0276,SP0276RA004,NO2,004,3509502,35,CETESB,Pública,CETESB,Pública,-22.87462,-47.05897,Fixa,Referencia,Automatica,,,Fornecer dados,,Coleta Interna,diária,Não,,,,,,Urbana,2015-05-01 00:00:00,,Ativa,
SP,Campinas-Taquaral,Campinas,SP0276,SP0276RA018,NOX,018,3509502,35,CETESB,Pública,CETESB,Pública,-22.87462,-47.05897,Fixa,Referencia,Automatica,,,Fornecer dados,,Coleta Interna,diária,Não,,,,,,Urbana,2015-05-01 00:00:00,,Ativa,
SP,Campinas-V.União,Campinas,SP0275,SP0275RA017,NO,017,3509502,35,CETESB,Pública,CETESB,Pública,-22.94673,-47.11928,Fixa,Referencia,Automatica,,,Fornecer dados,,Coleta Interna,diária,Não,,,,,,Urbana,2015-02-01 00:00:00,,Ativa,
SP,Campinas-V.União,Campinas,SP0275,SP0275RA005,O3,005,3509502,35,CETESB,Pública,CETESB,Pública,-22.94673,-47.11928,Fixa,Referencia,Automatica,ultravioleta,,Fornecer dados,,Coleta Interna,diária,Não,,,,,,Urbana,2015-02-01 00:00:00,,Ativa,
SP,Campinas-V.União,Campinas,SP0275,SP0275RA004,NO2,004,3509502,35,CETESB,Pública,CETESB,Pública,-22.94673,-47.11928,Fixa,Referencia,Automatica,,,Fornecer dados,,Coleta Interna,diária,Não,,,,,,Urbana,2015-02-01 00:00:00,,Ativa,
SP,Campinas-V.União,Campinas,SP0275,SP0275RA018,NOX,018,3509502,35,CETESB,Pública,CETESB,Pública,-22.94673,-47.11928,Fixa,Referencia,Automatica,,,Fornecer dados,,Coleta Interna,diária,Não,,,,,,Urbana,2015-02-01 00:00:00,,Ativa,
SP,Campinas-V.União,Campinas,SP0275,SP0275RA002,MP25,002,3509502,35,CETESB,Pública,CETESB,Pública,-22.94673,-47.11928,Fixa,Referencia,Automatica,radiação Beta,,Fornecer dados,,Coleta Interna,diária,Não,,,,,,Urbana,2015-02-01 00:00:00,,Ativa,
SP,Campos Elíseos,São Paulo,SP1000,SP1000RM006,FMC,006,3550308,35,CETESB,Pública,CETESB,Pública,-23.53319,-46.644599,Fixa,Referencia,Manual,,,Fornecer dados,,Coleta Interna,,Não,,,Nao,,,Micro,1989-01-01 00:00:00,,Sim,
SP,Capão Redondo,São Paulo,SP0269,SP0269RA001,MP10,001,3550308,35,CETESB,Pública,CETESB,Pública,-23.66836,-46.78004,Fixa,Referencia,Automatica,radiação Beta,,Fornecer dados,,Coleta Interna,diária,Não,,,,,,Bairro,2012-09-01 00:00:00,,Ativa,
SP,Capão Redondo,São Paulo,SP0269,SP0269RA017,NO,017,3550308,35,CETESB,Pública,CETESB,Pública,-23.66836,-46.78004,Fixa,Referencia,Automatica,,,Fornecer dados,,Coleta Interna,diária,Não,,,,,,Bairro,2012-09-01 00:00:00,,Ativa,
SP,Capão Redondo,São Paulo,SP0269,SP0269RA005,O3,005,3550308,35,CETESB,Pública,CETESB,Pública,-23.66836,-46.78004,Fixa,Referencia,Automatica,ultravioleta,,Fornecer dados,,Coleta Interna,diária,Não,,,,,,Bairro,2012-09-01 00:00:00,,Ativa,
SP,Capão Redondo,São Paulo,SP0269,SP0269RA004,NO2,004,3550308,35,CETESB,Pública,CETESB,Pública,-23.66836,-46.78004,Fixa,Referencia,Automatica,,,Fornecer dados,,Coleta Interna,diária,Não,,,,,,Bairro,2012-09-01 00:00:00,,Ativa,
SP,Capão Redondo,São Paulo,SP0269,SP0269RA018,NOX,018,3550308,35,CETESB,Pública,CETESB,Pública,-23.66836,-46.78004,Fixa,Referencia,Automatica,,,Fornecer dados,,Coleta Interna,diária,Não,,,,,,Bairro,2012-09-01 00:00:00,,Ativa,
SP,Capão Redondo,São Paulo,SP0269,SP0269RA002,MP25,002,3550308,35,CETESB,Pública,CETESB,Pública,-23.66836,-46.78004,Fixa,Referencia,Automatica,radiação Beta,,Fornecer dados,,Coleta Interna,diária,Não,,,,,,Bairro,2012-09-01 00:00:00,,Ativa,
SP,Carapicuíba,Carapicuíba,SP0263,SP0263RA001,MP10,001,3510609,35,CETESB,Pública,CETESB,Pública,-23.5314,-46.83578,Fixa,Referencia,Automatica,radiação Beta,,Fornecer dados,,Coleta Interna,diária,Não,,,,,,Bairro,2012-02-01 00:00:00,,Ativa,
SP,Carapicuíba,Carapicuíba,SP0263,SP0263RA017,NO,017,3510609,35,CETESB,Pública,CETESB,Pública,-23.5314,-46.83578,Fixa,Referencia,Automatica,,,Fornecer dados,,Coleta Interna,diária,Não,,,,,,Bairro,2012-02-01 00:00:00,,Ativa,
SP,Carapicuíba,Carapicuíba,SP0263,SP0263RA007,CO,007,3510609,35,CETESB,Pública,CETESB,Pública,-23.5314,-46.83578,Fixa,Referencia,Automatica,infravermelho não dispersivo (GFC),,Fornecer dados,,Coleta Interna,diária,Não,,,,,,Bairro,2012-02-01 00:00:00,,Ativa,
SP,Carapicuíba,Carapicuíba,SP0263,SP0263RA005,O3,005,3510609,35,CETESB,Pública,CETESB,Pública,-23.5314,-46.83578,Fixa,Referencia,Automatica,ultravioleta,,Fornecer dados,,Coleta Interna,diária,Não,,,,,,Bairro,2012-02-01 00:00:00,,Ativa,
SP,Carapicuíba,Carapicuíba,SP0263,SP0263RA004,NO2,004,3510609,35,CETESB,Pública,CETESB,Pública,-23.5314,-46.83578,Fixa,Referencia,Automatica,,,Fornecer dados,,Coleta Interna,diária,Não,,,,,,Bairro,2012-02-01 00:00:00,,Ativa,
SP,Carapicuíba,Carapicuíba,SP0263,SP0263RA018,NOX,018,3510609,35,CETESB,Pública,CETESB,Pública,-23.5314,-46.83578,Fixa,Referencia,Automatica,,,Fornecer dados,,Coleta Interna,diária,Não,,,,,,Bairro,2012-02-01 00:00:00,,Ativa,
SP,Carapicuíba,Carapicuíba,SP0263,SP0263RA002,MP25,002,3510609,35,CETESB,Pública,CETESB,Pública,-23.5314,-46.83578,Fixa,Referencia,Automatica,radiação Beta,,Fornecer dados,,Coleta Interna,diária,Não,,,,,,Bairro,2012-02-01 00:00:00,,Ativa,
SP,Catanduva,Catanduva,SP0248,SP0248RA001,MP10,001,3511102,35,CETESB,Pública,CETESB,Pública,-21.14194,-48.98308,Fixa,Referencia,Automatica,radiação Beta,,Fornecer dados,,Coleta Interna,diária,Não,,,,,,Urbana,2009-04-01 00:00:00,,Ativa,
SP,Catanduva,Catanduva,SP0248,SP0248RA017,NO,017,3511102,35,CETESB,Pública,CETESB,Pública,-21.14194,-48.98308,Fixa,Referencia,Automatica,,,Fornecer dados,,Coleta Interna,diária,Não,,,,,,Urbana,2009-04-01 00:00:00,,Ativa,
SP,Catanduva,Catanduva,SP0248,SP0248RA005,O3,005,3511102,35,CETESB,Pública,CETESB,Pública,-21.14194,-48.98308,Fixa,Referencia,Automatica,ultravioleta,,Fornecer dados,,Coleta Interna,diária,Não,,,,,,Urbana,2009-04-01 00:00:00,,Ativa,
SP,Catanduva,Catanduva,SP0248,SP0248RA004,NO2,004,3511102,35,CETESB,Pública,CETESB,Pública,-21.14194,-48.98308,Fixa,Referencia,Automatica,,,Fornecer dados,,Coleta Interna,diária,Não,,,,,,Urbana,2009-04-01 00:00:00,,Ativa,
SP,Catanduva,Catanduva,SP0248,SP0248RA018,NOX,018,3511102,35,CETESB,Pública,CETESB,Pública,-21.14194,-48.98308,Fixa,Referencia,Automatica,,,Fornecer dados,,Coleta Interna,diária,Não,,,,,,Urbana,2009-04-01 00:00:00,,Ativa,
SP,Catanduva,Catanduva,SP0248,SP0248RA001,MP10,001,3511102,35,CETESB,Pública,CETESB,Pública,-21.14194,-48.98308,Fixa,Referencia,Automatica,radiação Beta,,Fornecer dados,,Coleta Interna,diária,Não,,,,,,Urbana,2009-04-01 00:00:00,,Ativa,
SP,Catanduva,Catanduva,SP0248,SP0248RA017,NO,017,3511102,35,CETESB,Pública,CETESB,Pública,-21.14194,-48.98308,Fixa,Referencia,Automatica,,,Fornecer dados,,Coleta Interna,diária,Não,,,,,,Urbana,2009-04-01 00:00:00,,Ativa,
SP,Catanduva,Catanduva,SP0248,SP0248RA005,O3,005,3511102,35,CETESB,Pública,CETESB,Pública,-21.14194,-48.98308,Fixa,Referencia,Automatica,ultravioleta,,Fornecer dados,,Coleta Interna,diária,Não,,,,,,Urbana,2009-04-01 00:00:00,,Ativa,
SP,Catanduva,Catanduva,SP0248,SP0248RA004,NO2,004,3511102,35,CETESB,Pública,CETESB,Pública,-21.14194,-48.98308,Fixa,Referencia,Automatica,,,Fornecer dados,,Coleta Interna,diária,Não,,,,,,Urbana,2009-04-01 00:00:00,,Ativa,
SP,Catanduva,Catanduva,SP0248,SP0248RA018,NOX,018,3511102,35,CETESB,Pública,CETESB,Pública,-21.14194,-48.98308,Fixa,Referencia,Automatica,,,Fornecer dados,,Coleta Interna,diária,Não,,,,,,Urbana,2009-04-01 00:00:00,,Ativa,
SP,Centro,São Paulo,SP0094,SP0094RA001,MP10,001,3550308,35,CETESB,Pública,CETESB,Pública,-23.547428,-46.642056,,Referencia,Automatica,radiação Beta,,Fornecer dados,,Coleta Interna,,,,,,,,,,,,
SP,Centro,São Paulo,SP0094,SP0094RA017,NO,017,3550308,35,CETESB,Pública,CETESB,Pública,-23.547428,-46.642056,,Referencia,Automatica,,,Fornecer dados,,Coleta Interna,,,,,,,,,,,,
SP,Centro,São Paulo,SP0094,SP0094RA007,CO,007,3550308,35,CETESB,Pública,CETESB,Pública,-23.547428,-46.642056,,Referencia,Automatica,infravermelho não dispersivo (GFC),,Fornecer dados,,Coleta Interna,,,,,,,,,,,,
SP,Centro,São Paulo,SP0094,SP0094RA003,SO2,003,3550308,35,CETESB,Pública,CETESB,Pública,-23.547428,-46.642056,,Referencia,Automatica,fluorescência de pulso (ultravioleta),,Fornecer dados,,Coleta Interna,,,,,,,,,,,,
SP,Centro,São Paulo,SP0094,SP0094RA004,NO2,004,3550308,35,CETESB,Pública,CETESB,Pública,-23.547428,-46.642056,,Referencia,Automatica,,,Fornecer dados,,Coleta Interna,,,,,,,,,,,,
SP,Centro,São Paulo,SP0094,SP0094RA018,NOX,018,3550308,35,CETESB,Pública,CETESB,Pública,-23.547428,-46.642056,,Referencia,Automatica,,,Fornecer dados,,Coleta Interna,,,,,,,,,,,,
SP,Cerqueira César,São Paulo,SP0091,SP0091RA001,MP10,001,3550308,35,CETESB,Pública,CETESB,Pública,-23.55354,-46.6727,Fixa,Referencia,Automatica,radiação Beta,,Fornecer dados,,Coleta Interna,diária,Não,,,,,,Micro,1981,,Ativa,
SP,Cerqueira César,São Paulo,SP0091,SP0091RA017,NO,017,3550308,35,CETESB,Pública,CETESB,Pública,-23.55354,-46.6727,Fixa,Referencia,Automatica,,,Fornecer dados,,Coleta Interna,diária,Não,,,,,,Micro,1981,,Ativa,
SP,Cerqueira César,São Paulo,SP0091,SP0091RA007,CO,007,3550308,35,CETESB,Pública,CETESB,Pública,-23.55354,-46.6727,Fixa,Referencia,Automatica,infravermelho não dispersivo (GFC),,Fornecer dados,,Coleta Interna,diária,Não,,,,,,Micro,1981,,Ativa,
SP,Cerqueira César,São Paulo,SP0091,SP0091RA003,SO2,003,3550308,35,CETESB,Pública,CETESB,Pública,-23.55354,-46.6727,Fixa,Referencia,Automatica,fluorescência de pulso (ultravioleta),,Fornecer dados,,Coleta Interna,diária,Não,,,,,,Micro,1981,,Ativa,
SP,Cerqueira César,São Paulo,SP0091,SP0091RA004,NO2,004,3550308,35,CETESB,Pública,CETESB,Pública,-23.55354,-46.6727,Fixa,Referencia,Automatica,,,Fornecer dados,,Coleta Interna,diária,Não,,,,,,Micro,1981,,Ativa,
SP,Cerqueira César,São Paulo,SP0091,SP0091RA018,NOX,018,3550308,35,CETESB,Pública,CETESB,Pública,-23.55354,-46.6727,Fixa,Referencia,Automatica,,,Fornecer dados,,Coleta Interna,diária,Não,,,,,,Micro,1981,,Ativa,
SP,Cerqueira César,São Paulo,SP0091,SP0091RA002,MP25,002,3550308,35,CETESB,Pública,CETESB,Pública,-23.55354,-46.6727,Fixa,Referencia,Automatica,radiação Beta,,Fornecer dados,,Coleta Interna,diária,Não,,,,,,Micro,1981,,Ativa,
SP,Cerqueira César,São Paulo,SP0091,SP0091RA001,MP10,001,3550308,35,CETESB,Pública,CETESB,Pública,-23.55354,-46.6727,Fixa,Referencia,Automatica,radiação Beta,,Fornecer dados,,Coleta Interna,,Não,,,,,,Micro,1996-04-01 00:00:00,,Ativa,
SP,Cerqueira César,São Paulo,SP0091,SP0091RA017,NO,017,3550308,35,CETESB,Pública,CETESB,Pública,-23.55354,-46.6727,Fixa,Referencia,Automatica,,,Fornecer dados,,Coleta Interna,,Não,,,,,,Micro,1996-04-01 00:00:00,,Ativa,
SP,Cerqueira César,São Paulo,SP0091,SP0091RA007,CO,007,3550308,35,CETESB,Pública,CETESB,Pública,-23.55354,-46.6727,Fixa,Referencia,Automatica,infravermelho não dispersivo (GFC),,Fornecer dados,,Coleta Interna,,Não,,,,,,Micro,1996-04-01 00:00:00,,Ativa,
SP,Cerqueira César,São Paulo,SP0091,SP0091RA003,SO2,003,3550308,35,CETESB,Pública,CETESB,Pública,-23.55354,-46.6727,Fixa,Referencia,Automatica,fluorescência de pulso (ultravioleta),,Fornecer dados,,Coleta Interna,,Não,,,,,,Micro,1996-04-01 00:00:00,,Ativa,
SP,Cerqueira César,São Paulo,SP0091,SP0091RA004,NO2,004,3550308,35,CETESB,Pública,CETESB,Pública,-23.55354,-46.6727,Fixa,Referencia,Automatica,,,Fornecer dados,,Coleta Interna,,Não,,,,,,Micro,1996-04-01 00:00:00,,Ativa,
SP,Cerqueira César,São Paulo,SP0091,SP0091RA018,NOX,018,3550308,35,CETESB,Pública,CETESB,Pública,-23.55354,-46.6727,Fixa,Referencia,Automatica,,,Fornecer dados,,Coleta Interna,,Não,,,,,,Micro,1996-04-01 00:00:00,,Ativa,
SP,Cerqueira César,São Paulo,SP0091,SP0091RA002,MP25,002,3550308,35,CETESB,Pública,CETESB,Pública,-23.55354,-46.6727,Fixa,Referencia,Automatica,radiação Beta,,Fornecer dados,,Coleta Interna,,Não,,,,,,Micro,1996-04-01 00:00:00,,Ativa,
SP,Cid.Universitária-USP-Ipen,São Paulo,SP0095,SP0095RA017,NO,017,3550308,35,CETESB,Pública,CETESB,Pública,-23.56634,-46.73741,Fixa,Referencia,Automatica,,,Fornecer dados,,Coleta Interna,diária,Não,,,,,,Urbana,2007-01-01 00:00:00,,Ativa,
SP,Cid.Universitária-USP-Ipen,São Paulo,SP0095,SP0095RA007,CO,007,3550308,35,CETESB,Pública,CETESB,Pública,-23.56634,-46.73741,Fixa,Referencia,Automatica,infravermelho não dispersivo (GFC),,Fornecer dados,,Coleta Interna,diária,Não,,,,,,Urbana,2007-01-01 00:00:00,,Ativa,
SP,Cid.Universitária-USP-Ipen,São Paulo,SP0095,SP0095RA005,O3,005,3550308,35,CETESB,Pública,CETESB,Pública,-23.56634,-46.73741,Fixa,Referencia,Automatica,ultravioleta,,Fornecer dados,,Coleta Interna,diária,Não,,,,,,Urbana,2007-01-01 00:00:00,,Ativa,
SP,Cid.Universitária-USP-Ipen,São Paulo,SP0095,SP0095RA004,NO2,004,3550308,35,CETESB,Pública,CETESB,Pública,-23.56634,-46.73741,Fixa,Referencia,Automatica,,,Fornecer dados,,Coleta Interna,diária,Não,,,,,,Urbana,2007-01-01 00:00:00,,Ativa,
SP,Cid.Universitária-USP-Ipen,São Paulo,SP0095,SP0095RA018,NOX,018,3550308,35,CETESB,Pública,CETESB,Pública,-23.56634,-46.73741,Fixa,Referencia,Automatica,,,Fornecer dados,,Coleta Interna,diária,Não,,,,,,Urbana,2007-01-01 00:00:00,,Ativa,
SP,Cid.Universitária-USP-Ipen,São Paulo,SP0095,SP0095RA002,MP25,002,3550308,35,CETESB,Pública,CETESB,Pública,-23.56634,-46.73741,Fixa,Referencia,Automatica,radiação Beta,,Fornecer dados,,Coleta Interna,diária,Não,,,,,,Urbana,2007-01-01 00:00:00,,Ativa,
SP,Congonhas,São Paulo,SP0073,SP0073RA001,MP10,001,3550308,35,CETESB,Pública,CETESB,Pública,-23.61632,-46.66347,Fixa,Referencia,Automatica,radiação Beta,,Fornecer dados,,Coleta Interna,diária,Não,,,,,,Micro,1981,,Ativa,
SP,Congonhas,São Paulo,SP0073,SP0073RA017,NO,017,3550308,35,CETESB,Pública,CETESB,Pública,-23.61632,-46.66347,Fixa,Referencia,Automatica,,,Fornecer dados,,Coleta Interna,diária,Não,,,,,,Micro,1981,,Ativa,
SP,Congonhas,São Paulo,SP0073,SP0073RA007,CO,007,3550308,35,CETESB,Pública,CETESB,Pública,-23.61632,-46.66347,Fixa,Referencia,Automatica,infravermelho não dispersivo (GFC),,Fornecer dados,,Coleta Interna,diária,Não,,,,,,Micro,1981,,Ativa,
SP,Congonhas,São Paulo,SP0073,SP0073RA005,O3,005,3550308,35,CETESB,Pública,CETESB,Pública,-23.61632,-46.66347,Fixa,Referencia,Automatica,ultravioleta,,Fornecer dados,,Coleta Interna,diária,Não,,,,,,Micro,1981,,Ativa,
SP,Congonhas,São Paulo,SP0073,SP0073RA003,SO2,003,3550308,35,CETESB,Pública,CETESB,Pública,-23.61632,-46.66347,Fixa,Referencia,Automatica,fluorescência de pulso (ultravioleta),,Fornecer dados,,Coleta Interna,diária,Não,,,,,,Micro,1981,,Ativa,
SP,Congonhas,São Paulo,SP0073,SP0073RA004,NO2,004,3550308,35,CETESB,Pública,CETESB,Pública,-23.61632,-46.66347,Fixa,Referencia,Automatica,,,Fornecer dados,,Coleta Interna,diária,Não,,,,,,Micro,1981,,Ativa,
SP,Congonhas,São Paulo,SP0073,SP0073RA018,NOX,018,3550308,35,CETESB,Pública,CETESB,Pública,-23.61632,-46.66347,Fixa,Referencia,Automatica,,,Fornecer dados,,Coleta Interna,diária,Não,,,,,,Micro,1981,,Ativa,
SP,Congonhas,São Paulo,SP0073,SP0073RA002,MP25,002,3550308,35,CETESB,Pública,CETESB,Pública,-23.61632,-46.66347,Fixa,Referencia,Automatica,radiação Beta,,Fornecer dados,,Coleta Interna,diária,Não,,,,,,Micro,1981,,Ativa,
SP,Cordeirópolis - Módolo,Cordeirópolis,SP1001,SP1001RM001,MP10,001,3512407,35,CETESB,Pública,CETESB,Pública,-22.480885,-47.467445,Fixa,Referencia,Manual,gravimétrico / amostrador de grandes volumes acoplado a um separador inercial/impactação,,Fornecer dados,,Coleta Interna,,Não,,,Nao,,,Bairro,1998-08-01 00:00:00,,Sim,
SP,Cubatão - V. Parisi,Cubatão,SP1002,SP1002RM008,PTS,008,3513504,35,CETESB,Pública,CETESB,Pública,-23.849416,-46.388675,Fixa,Referencia,Manual,gravimétrico / amostrador de grandes volumes,,Fornecer dados,,Coleta Interna,,Não,,,Nao,,,Bairro,1989-01-01 00:00:00,,Sim,
SP,Cubatão-Centro,Cubatão,SP0087,SP0087RA001,MP10,001,3513504,35,CETESB,Pública,CETESB,Pública,-23.87903,-46.41848,Fixa,Referencia,Automatica,radiação Beta,,Fornecer dados,,Coleta Interna,diária,Não,,,,,,Bairro,1981,,Ativa,
SP,Cubatão-Centro,Cubatão,SP0087,SP0087RA017,NO,017,3513504,35,CETESB,Pública,CETESB,Pública,-23.87903,-46.41848,Fixa,Referencia,Automatica,,,Fornecer dados,,Coleta Interna,diária,Não,,,,,,Bairro,1981,,Ativa,
SP,Cubatão-Centro,Cubatão,SP0087,SP0087RA010,BENZENO,010,3513504,35,CETESB,Pública,CETESB,Pública,-23.87903,-46.41848,Fixa,Referencia,Automatica,,,Fornecer dados,,Coleta Interna,diária,Não,,,,,,Bairro,1981,,Ativa,
SP,Cubatão-Centro,Cubatão,SP0087,SP0087RA005,O3,005,3513504,35,CETESB,Pública,CETESB,Pública,-23.87903,-46.41848,Fixa,Referencia,Automatica,ultravioleta,,Fornecer dados,,Coleta Interna,diária,Não,,,,,,Bairro,1981,,Ativa,
SP,Cubatão-Centro,Cubatão,SP0087,SP0087RA003,SO2,003,3513504,35,CETESB,Pública,CETESB,Pública,-23.87903,-46.41848,Fixa,Referencia,Automatica,fluorescência de pulso (ultravioleta),,Fornecer dados,,Coleta Interna,diária,Não,,,,,,Bairro,1981,,Ativa,
SP,Cubatão-Centro,Cubatão,SP0087,SP0087RA004,NO2,004,3513504,35,CETESB,Pública,CETESB,Pública,-23.87903,-46.41848,Fixa,Referencia,Automatica,,,Fornecer dados,,Coleta Interna,diária,Não,,,,,,Bairro,1981,,Ativa,
SP,Cubatão-Centro,Cubatão,SP0087,SP0087RA022,TOLUENO,022,3513504,35,CETESB,Pública,CETESB,Pública,-23.87903,-46.41848,Fixa,Referencia,Automatica,,,Fornecer dados,,Coleta Interna,diária,Não,,,,,,Bairro,1981,,Ativa,
SP,Cubatão-Centro,Cubatão,SP0087,SP0087RA018,NOX,018,3513504,35,CETESB,Pública,CETESB,Pública,-23.87903,-46.41848,Fixa,Referencia,Automatica,,,Fornecer dados,,Coleta Interna,diária,Não,,,,,,Bairro,1981,,Ativa,
SP,Cubatão-Centro,Cubatão,SP0087,SP0087RA002,MP25,002,3513504,35,CETESB,Pública,CETESB,Pública,-23.87903,-46.41848,Fixa,Referencia,Automatica,radiação Beta,,Fornecer dados,,Coleta Interna,diária,Não,,,,,,Bairro,1981,,Ativa,
SP,Cubatão-V.Parisi,Cubatão,SP0066,SP0066RA001,MP10,001,3513504,35,CETESB,Pública,CETESB,Pública,-23.84942,-46.38868,Fixa,Referencia,Automatica,radiação Beta,,Fornecer dados,,Coleta Interna,diária,Não,,,,,,Bairro,1981,,Ativa,
SP,Cubatão-V.Parisi,Cubatão,SP0066,SP0066RA017,NO,017,3513504,35,CETESB,Pública,CETESB,Pública,-23.84942,-46.38868,Fixa,Referencia,Automatica,,,Fornecer dados,,Coleta Interna,diária,Não,,,,,,Bairro,1981,,Ativa,
SP,Cubatão-V.Parisi,Cubatão,SP0066,SP0066RA005,O3,005,3513504,35,CETESB,Pública,CETESB,Pública,-23.84942,-46.38868,Fixa,Referencia,Automatica,ultravioleta,,Fornecer dados,,Coleta Interna,diária,Não,,,,,,Bairro,1981,,Ativa,
SP,Cubatão-V.Parisi,Cubatão,SP0066,SP0066RA003,SO2,003,3513504,35,CETESB,Pública,CETESB,Pública,-23.84942,-46.38868,Fixa,Referencia,Automatica,fluorescência de pulso (ultravioleta),,Fornecer dados,,Coleta Interna,diária,Não,,,,,,Bairro,1981,,Ativa,
SP,Cubatão-V.Parisi,Cubatão,SP0066,SP0066RA004,NO2,004,3513504,35,CETESB,Pública,CETESB,Pública,-23.84942,-46.38868,Fixa,Referencia,Automatica,,,Fornecer dados,,Coleta Interna,diária,Não,,,,,,Bairro,1981,,Ativa,
SP,Cubatão-V.Parisi,Cubatão,SP0066,SP0066RA018,NOX,018,3513504,35,CETESB,Pública,CETESB,Pública,-23.84942,-46.38868,Fixa,Referencia,Automatica,,,Fornecer dados,,Coleta Interna,diária,Não,,,,,,Bairro,1981,,Ativa,
SP,Cubatão-Vale do Mogi,Cubatão,SP0119,SP0119RA001,MP10,001,3513504,35,CETESB,Pública,CETESB,Pública,-23.83159,-46.36957,Fixa,Referencia,Automatica,radiação Beta,,Fornecer dados,,Coleta Interna,diária,Não,,,,,,Bairro,2006-04-01 00:00:00,,Ativa,
SP,Cubatão-Vale do Mogi,Cubatão,SP0119,SP0119RA017,NO,017,3513504,35,CETESB,Pública,CETESB,Pública,-23.83159,-46.36957,Fixa,Referencia,Automatica,,,Fornecer dados,,Coleta Interna,diária,Não,,,,,,Bairro,2006-04-01 00:00:00,,Ativa,
SP,Cubatão-Vale do Mogi,Cubatão,SP0119,SP0119RA005,O3,005,3513504,35,CETESB,Pública,CETESB,Pública,-23.83159,-46.36957,Fixa,Referencia,Automatica,ultravioleta,,Fornecer dados,,Coleta Interna,diária,Não,,,,,,Bairro,2006-04-01 00:00:00,,Ativa,
SP,Cubatão-Vale do Mogi,Cubatão,SP0119,SP0119RA003,SO2,003,3513504,35,CETESB,Pública,CETESB,Pública,-23.83159,-46.36957,Fixa,Referencia,Automatica,fluorescência de pulso (ultravioleta),,Fornecer dados,,Coleta Interna,diária,Não,,,,,,Bairro,2006-04-01 00:00:00,,Ativa,
SP,Cubatão-Vale do Mogi,Cubatão,SP0119,SP0119RA004,NO2,004,3513504,35,CETESB,Pública,CETESB,Pública,-23.83159,-46.36957,Fixa,Referencia,Automatica,,,Fornecer dados,,Coleta Interna,diária,Não,,,,,,Bairro,2006-04-01 00:00:00,,Ativa,
SP,Cubatão-Vale do Mogi,Cubatão,SP0119,SP0119RA018,NOX,018,3513504,35,CETESB,Pública,CETESB,Pública,-23.83159,-46.36957,Fixa,Referencia,Automatica,,,Fornecer dados,,Coleta Interna,diária,Não,,,,,,Bairro,2006-04-01 00:00:00,,Ativa,
SP,Diadema,Diadema,SP0092,SP0092RA001,MP10,001,3513801,35,CETESB,Pública,CETESB,Pública,-23.68588,-46.61162,Fixa,Referencia,Automatica,radiação Beta,,Fornecer dados,,Coleta Interna,diária,Não,,,,,,Bairro,1981,,Ativa,
SP,Diadema,Diadema,SP0092,SP0092RA005,O3,005,3513801,35,CETESB,Pública,CETESB,Pública,-23.68588,-46.61162,Fixa,Referencia,Automatica,ultravioleta,,Fornecer dados,,Coleta Interna,diária,Não,,,,,,Bairro,1981,,Ativa,
SP,Franca - Cidade Nova,Franca,SP1003,SP1003RM001,MP10,001,3516200,35,CETESB,Pública,CETESB,Pública,-20.52828,-47.393252,Fixa,Referencia,Manual,gravimétrico / amostrador de grandes volumes acoplado a um separador inercial/impactação,,Fornecer dados,,Coleta Interna,,Não,,,Nao,,,Bairro,2016-02-01 00:00:00,,Sim,
SP,Grajaú-Parelheiros,São Paulo,SP0098,SP0098RA001,MP10,001,3550308,35,CETESB,Pública,CETESB,Pública,-23.77627,-46.69696,Fixa,Referencia,Automatica,radiação Beta,,Fornecer dados,,Coleta Interna,diária,Não,,,,,,Micro,2007-06-01 00:00:00,,Ativa,
SP,Grajaú-Parelheiros,São Paulo,SP0098,SP0098RA017,NO,017,3550308,35,CETESB,Pública,CETESB,Pública,-23.77627,-46.69696,Fixa,Referencia,Automatica,,,Fornecer dados,,Coleta Interna,diária,Não,,,,,,Micro,2007-06-01 00:00:00,,Ativa,
SP,Grajaú-Parelheiros,São Paulo,SP0098,SP0098RA007,CO,007,3550308,35,CETESB,Pública,CETESB,Pública,-23.77627,-46.69696,Fixa,Referencia,Automatica,infravermelho não dispersivo (GFC),,Fornecer dados,,Coleta Interna,diária,Não,,,,,,Micro,2007-06-01 00:00:00,,Ativa,
SP,Grajaú-Parelheiros,São Paulo,SP0098,SP0098RA005,O3,005,3550308,35,CETESB,Pública,CETESB,Pública,-23.77627,-46.69696,Fixa,Referencia,Automatica,ultravioleta,,Fornecer dados,,Coleta Interna,diária,Não,,,,,,Micro,2007-06-01 00:00:00,,Ativa,
SP,Grajaú-Parelheiros,São Paulo,SP0098,SP0098RA004,NO2,004,3550308,35,CETESB,Pública,CETESB,Pública,-23.77627,-46.69696,Fixa,Referencia,Automatica,,,Fornecer dados,,Coleta Interna,diária,Não,,,,,,Micro,2007-06-01 00:00:00,,Ativa,
SP,Grajaú-Parelheiros,São Paulo,SP0098,SP0098RA018,NOX,018,3550308,35,CETESB,Pública,CETESB,Pública,-23.77627,-46.69696,Fixa,Referencia,Automatica,,,Fornecer dados,,Coleta Interna,diária,Não,,,,,,Micro,2007-06-01 00:00:00,,Ativa,
SP,Grajaú-Parelheiros,São Paulo,SP0098,SP0098RA002,MP25,002,3550308,35,CETESB,Pública,CETESB,Pública,-23.77627,-46.69696,Fixa,Referencia,Automatica,radiação Beta,,Fornecer dados,,Coleta Interna,diária,Não,,,,,,Micro,2007-06-01 00:00:00,,Ativa,
SP,Guaratinguetá,Guaratinguetá,SP0289,SP0289RA001,MP10,001,3518404,35,CETESB,Pública,CETESB,Pública,-22.80192,-45.19112,Fixa,Referencia,Automatica,radiação Beta,,Fornecer dados,,Coleta Interna,diária,Não,,,,,,Bairro,2017-01-01 00:00:00,,Ativa,
SP,Guaratinguetá,Guaratinguetá,SP0289,SP0289RA017,NO,017,3518404,35,CETESB,Pública,CETESB,Pública,-22.80192,-45.19112,Fixa,Referencia,Automatica,,,Fornecer dados,,Coleta Interna,diária,Não,,,,,,Bairro,2017-01-01 00:00:00,,Ativa,
SP,Guaratinguetá,Guaratinguetá,SP0289,SP0289RA005,O3,005,3518404,35,CETESB,Pública,CETESB,Pública,-22.80192,-45.19112,Fixa,Referencia,Automatica,ultravioleta,,Fornecer dados,,Coleta Interna,diária,Não,,,,,,Bairro,2017-01-01 00:00:00,,Ativa,
SP,Guaratinguetá,Guaratinguetá,SP0289,SP0289RA004,NO2,004,3518404,35,CETESB,Pública,CETESB,Pública,-22.80192,-45.19112,Fixa,Referencia,Automatica,,,Fornecer dados,,Coleta Interna,diária,Não,,,,,,Bairro,2017-01-01 00:00:00,,Ativa,
SP,Guaratinguetá,Guaratinguetá,SP0289,SP0289RA018,NOX,018,3518404,35,CETESB,Pública,CETESB,Pública,-22.80192,-45.19112,Fixa,Referencia,Automatica,,,Fornecer dados,,Coleta Interna,diária,Não,,,,,,Bairro,2017-01-01 00:00:00,,Ativa,
SP,Guaratinguetá,Guaratinguetá,SP0289,SP0289RA002,MP25,002,3518404,35,CETESB,Pública,CETESB,Pública,-22.80192,-45.19112,Fixa,Referencia,Automatica,radiação Beta,,Fornecer dados,,Coleta Interna,diária,Não,,,,,,Bairro,2017-01-01 00:00:00,,Ativa,
SP,Guarujá - Vicente de Carvalho,Guarujá,SP1004,SP1004RM001,MP10,001,3518701,35,CETESB,Pública,CETESB,Pública,-23.959395,-46.284527,Fixa,Referencia,Manual,gravimétrico / amostrador de grandes volumes acoplado a um separador inercial/impactação,,Fornecer dados,,Coleta Interna,,Não,,,Nao,,,Bairro,2016-02-01 00:00:00,,Sim,
SP,Guarulhos,Guarulhos,SP0118,SP0118RA001,MP10,001,3518800,35,CETESB,Pública,CETESB,Pública,-23.46320938,-46.4962136,,Referencia,Automatica,radiação Beta,,Fornecer dados,,Coleta Interna,,,,,,,,,,,Inativa,
SP,Guarulhos,Guarulhos,SP0118,SP0118RA003,SO2,003,3518800,35,CETESB,Pública,CETESB,Pública,-23.46320938,-46.4962136,,Referencia,Automatica,fluorescência de pulso (ultravioleta),,Fornecer dados,,Coleta Interna,,,,,,,,,,,Inativa,
SP,Guarulhos-Paço Municipal,Guarulhos,SP0264,SP0264RA001,MP10,001,3518800,35,CETESB,Pública,CETESB,Pública,-23.45553,-46.51853,Fixa,Referencia,Automatica,radiação Beta,,Fornecer dados,,Coleta Interna,diária,Não,,,,,,Urbana,2012-02-01 00:00:00,,Ativa,
SP,Guarulhos-Paço Municipal,Guarulhos,SP0264,SP0264RA017,NO,017,3518800,35,CETESB,Pública,CETESB,Pública,-23.45553,-46.51853,Fixa,Referencia,Automatica,,,Fornecer dados,,Coleta Interna,diária,Não,,,,,,Urbana,2012-02-01 00:00:00,,Ativa,
SP,Guarulhos-Paço Municipal,Guarulhos,SP0264,SP0264RA005,O3,005,3518800,35,CETESB,Pública,CETESB,Pública,-23.45553,-46.51853,Fixa,Referencia,Automatica,ultravioleta,,Fornecer dados,,Coleta Interna,diária,Não,,,,,,Urbana,2012-02-01 00:00:00,,Ativa,
SP,Guarulhos-Paço Municipal,Guarulhos,SP0264,SP0264RA004,NO2,004,3518800,35,CETESB,Pública,CETESB,Pública,-23.45553,-46.51853,Fixa,Referencia,Automatica,,,Fornecer dados,,Coleta Interna,diária,Não,,,,,,Urbana,2012-02-01 00:00:00,,Ativa,
SP,Guarulhos-Paço Municipal,Guarulhos,SP0264,SP0264RA018,NOX,018,3518800,35,CETESB,Pública,CETESB,Pública,-23.45553,-46.51853,Fixa,Referencia,Automatica,,,Fornecer dados,,Coleta Interna,diária,Não,,,,,,Urbana,2012-02-01 00:00:00,,Ativa,
SP,Guarulhos-Paço Municipal,Guarulhos,SP0264,SP0264RA002,MP25,002,3518800,35,CETESB,Pública,CETESB,Pública,-23.45553,-46.51853,Fixa,Referencia,Automatica,radiação Beta,,Fornecer dados,,Coleta Interna,diária,Não,,,,,,Urbana,2012-02-01 00:00:00,,Ativa,
SP,Guarulhos-Pimentas,Guarulhos,SP0279,SP0279RA001,MP10,001,3518800,35,CETESB,Pública,CETESB,Pública,-23.44012,-46.40995,Fixa,Referencia,Automatica,radiação Beta,,Fornecer dados,,Coleta Interna,diária,Não,,,,,,Bairro,2015-06-01 00:00:00,,Ativa,
SP,Guarulhos-Pimentas,Guarulhos,SP0279,SP0279RA017,NO,017,3518800,35,CETESB,Pública,CETESB,Pública,-23.44012,-46.40995,Fixa,Referencia,Automatica,,,Fornecer dados,,Coleta Interna,diária,Não,,,,,,Bairro,2015-06-01 00:00:00,,Ativa,
SP,Guarulhos-Pimentas,Guarulhos,SP0279,SP0279RA007,CO,007,3518800,35,CETESB,Pública,CETESB,Pública,-23.44012,-46.40995,Fixa,Referencia,Automatica,infravermelho não dispersivo (GFC),,Fornecer dados,,Coleta Interna,diária,Não,,,,,,Bairro,2015-06-01 00:00:00,,Ativa,
SP,Guarulhos-Pimentas,Guarulhos,SP0279,SP0279RA005,O3,005,3518800,35,CETESB,Pública,CETESB,Pública,-23.44012,-46.40995,Fixa,Referencia,Automatica,ultravioleta,,Fornecer dados,,Coleta Interna,diária,Não,,,,,,Bairro,2015-06-01 00:00:00,,Ativa,
SP,Guarulhos-Pimentas,Guarulhos,SP0279,SP0279RA003,SO2,003,3518800,35,CETESB,Pública,CETESB,Pública,-23.44012,-46.40995,Fixa,Referencia,Automatica,fluorescência de pulso (ultravioleta),,Fornecer dados,,Coleta Interna,diária,Não,,,,,,Bairro,2015-06-01 00:00:00,,Ativa,
SP,Guarulhos-Pimentas,Guarulhos,SP0279,SP0279RA004,NO2,004,3518800,35,CETESB,Pública,CETESB,Pública,-23.44012,-46.40995,Fixa,Referencia,Automatica,,,Fornecer dados,,Coleta Interna,diária,Não,,,,,,Bairro,2015-06-01 00:00:00,,Ativa,
SP,Guarulhos-Pimentas,Guarulhos,SP0279,SP0279RA018,NOX,018,3518800,35,CETESB,Pública,CETESB,Pública,-23.44012,-46.40995,Fixa,Referencia,Automatica,,,Fornecer dados,,Coleta Interna,diária,Não,,,,,,Bairro,2015-06-01 00:00:00,,Ativa,
SP,Guarulhos-Pimentas,Guarulhos,SP0279,SP0279RA002,MP25,002,3518800,35,CETESB,Pública,CETESB,Pública,-23.44012,-46.40995,Fixa,Referencia,Automatica,radiação Beta,,Fornecer dados,,Coleta Interna,diária,Não,,,,,,Bairro,2015-06-01 00:00:00,,Ativa,
SP,Ibirapuera,São Paulo,SP0083,SP0083RA001,MP10,001,3550308,35,CETESB,Pública,CETESB,Pública,-23.59184,-46.66069,Fixa,Referencia,Automatica,radiação Beta,,Fornecer dados,,Coleta Interna,diária,Não,,,,,,Urbana,1981,,Ativa,
SP,Ibirapuera,São Paulo,SP0083,SP0083RA017,NO,017,3550308,35,CETESB,Pública,CETESB,Pública,-23.59184,-46.66069,Fixa,Referencia,Automatica,,,Fornecer dados,,Coleta Interna,diária,Não,,,,,,Urbana,1981,,Ativa,
SP,Ibirapuera,São Paulo,SP0083,SP0083RA007,CO,007,3550308,35,CETESB,Pública,CETESB,Pública,-23.59184,-46.66069,Fixa,Referencia,Automatica,infravermelho não dispersivo (GFC),,Fornecer dados,,Coleta Interna,diária,Não,,,,,,Urbana,1981,,Ativa,
SP,Ibirapuera,São Paulo,SP0083,SP0083RA005,O3,005,3550308,35,CETESB,Pública,CETESB,Pública,-23.59184,-46.66069,Fixa,Referencia,Automatica,ultravioleta,,Fornecer dados,,Coleta Interna,diária,Não,,,,,,Urbana,1981,,Ativa,
SP,Ibirapuera,São Paulo,SP0083,SP0083RA003,SO2,003,3550308,35,CETESB,Pública,CETESB,Pública,-23.59184,-46.66069,Fixa,Referencia,Automatica,fluorescência de pulso (ultravioleta),,Fornecer dados,,Coleta Interna,diária,Não,,,,,,Urbana,1981,,Ativa,
SP,Ibirapuera,São Paulo,SP0083,SP0083RA004,NO2,004,3550308,35,CETESB,Pública,CETESB,Pública,-23.59184,-46.66069,Fixa,Referencia,Automatica,,,Fornecer dados,,Coleta Interna,diária,Não,,,,,,Urbana,1981,,Ativa,
SP,Ibirapuera,São Paulo,SP0083,SP0083RA018,NOX,018,3550308,35,CETESB,Pública,CETESB,Pública,-23.59184,-46.66069,Fixa,Referencia,Automatica,,,Fornecer dados,,Coleta Interna,diária,Não,,,,,,Urbana,1981,,Ativa,
SP,Ibirapuera,São Paulo,SP0083,SP0083RA002,MP25,002,3550308,35,CETESB,Pública,CETESB,Pública,-23.59184,-46.66069,Fixa,Referencia,Automatica,radiação Beta,,Fornecer dados,,Coleta Interna,diária,Não,,,,,,Urbana,1981,,Ativa,
SP,Ibirapuera,São Paulo,SP0083,SP0083RA001,MP10,001,3550308,35,CETESB,Pública,CETESB,Pública,-23.59184,-46.66069,Fixa,Referencia,Automatica,radiação Beta,,Fornecer dados,,Coleta Interna,,Não,,,,,,Média,1989-01-01 00:00:00,,Ativa,
SP,Ibirapuera,São Paulo,SP0083,SP0083RA017,NO,017,3550308,35,CETESB,Pública,CETESB,Pública,-23.59184,-46.66069,Fixa,Referencia,Automatica,,,Fornecer dados,,Coleta Interna,,Não,,,,,,Média,1989-01-01 00:00:00,,Ativa,
SP,Ibirapuera,São Paulo,SP0083,SP0083RA007,CO,007,3550308,35,CETESB,Pública,CETESB,Pública,-23.59184,-46.66069,Fixa,Referencia,Automatica,infravermelho não dispersivo (GFC),,Fornecer dados,,Coleta Interna,,Não,,,,,,Média,1989-01-01 00:00:00,,Ativa,
SP,Ibirapuera,São Paulo,SP0083,SP0083RA005,O3,005,3550308,35,CETESB,Pública,CETESB,Pública,-23.59184,-46.66069,Fixa,Referencia,Automatica,ultravioleta,,Fornecer dados,,Coleta Interna,,Não,,,,,,Média,1989-01-01 00:00:00,,Ativa,
SP,Ibirapuera,São Paulo,SP0083,SP0083RA003,SO2,003,3550308,35,CETESB,Pública,CETESB,Pública,-23.59184,-46.66069,Fixa,Referencia,Automatica,fluorescência de pulso (ultravioleta),,Fornecer dados,,Coleta Interna,,Não,,,,,,Média,1989-01-01 00:00:00,,Ativa,
SP,Ibirapuera,São Paulo,SP0083,SP0083RA004,NO2,004,3550308,35,CETESB,Pública,CETESB,Pública,-23.59184,-46.66069,Fixa,Referencia,Automatica,,,Fornecer dados,,Coleta Interna,,Não,,,,,,Média,1989-01-01 00:00:00,,Ativa,
SP,Ibirapuera,São Paulo,SP0083,SP0083RA018,NOX,018,3550308,35,CETESB,Pública,CETESB,Pública,-23.59184,-46.66069,Fixa,Referencia,Automatica,,,Fornecer dados,,Coleta Interna,,Não,,,,,,Média,1989-01-01 00:00:00,,Ativa,
SP,Ibirapuera,São Paulo,SP0083,SP0083RA002,MP25,002,3550308,35,CETESB,Pública,CETESB,Pública,-23.59184,-46.66069,Fixa,Referencia,Automatica,radiação Beta,,Fornecer dados,,Coleta Interna,,Não,,,,,,Média,1989-01-01 00:00:00,,Ativa,
SP,Interlagos,São Paulo,SP0262,SP0262RA001,MP10,001,3550308,35,CETESB,Pública,CETESB,Pública,-23.68051,-46.67504,Fixa,Referencia,Automatica,radiação Beta,,Fornecer dados,,Coleta Interna,diária,Não,,,,,,Bairro,2012-02-01 00:00:00,,Ativa,
SP,Interlagos,São Paulo,SP0262,SP0262RA017,NO,017,3550308,35,CETESB,Pública,CETESB,Pública,-23.68051,-46.67504,Fixa,Referencia,Automatica,,,Fornecer dados,,Coleta Interna,diária,Não,,,,,,Bairro,2012-02-01 00:00:00,,Ativa,
SP,Interlagos,São Paulo,SP0262,SP0262RA005,O3,005,3550308,35,CETESB,Pública,CETESB,Pública,-23.68051,-46.67504,Fixa,Referencia,Automatica,ultravioleta,,Fornecer dados,,Coleta Interna,diária,Não,,,,,,Bairro,2012-02-01 00:00:00,,Ativa,
SP,Interlagos,São Paulo,SP0262,SP0262RA003,SO2,003,3550308,35,CETESB,Pública,CETESB,Pública,-23.68051,-46.67504,Fixa,Referencia,Automatica,fluorescência de pulso (ultravioleta),,Fornecer dados,,Coleta Interna,diária,Não,,,,,,Bairro,2012-02-01 00:00:00,,Ativa,
SP,Interlagos,São Paulo,SP0262,SP0262RA004,NO2,004,3550308,35,CETESB,Pública,CETESB,Pública,-23.68051,-46.67504,Fixa,Referencia,Automatica,,,Fornecer dados,,Coleta Interna,diária,Não,,,,,,Bairro,2012-02-01 00:00:00,,Ativa,
SP,Interlagos,São Paulo,SP0262,SP0262RA018,NOX,018,3550308,35,CETESB,Pública,CETESB,Pública,-23.68051,-46.67504,Fixa,Referencia,Automatica,,,Fornecer dados,,Coleta Interna,diária,Não,,,,,,Bairro,2012-02-01 00:00:00,,Ativa,
SP,Interlagos,São Paulo,SP0262,SP0262RA002,MP25,002,3550308,35,CETESB,Pública,CETESB,Pública,-23.68051,-46.67504,Fixa,Referencia,Automatica,radiação Beta,,Fornecer dados,,Coleta Interna,diária,Não,,,,,,Bairro,2012-02-01 00:00:00,,Ativa,
SP,Itaim Paulista,São Paulo,SP0266,SP0266RA001,MP10,001,3550308,35,CETESB,Pública,CETESB,Pública,-23.50155,-46.42074,Fixa,Referencia,Automatica,radiação Beta,,Fornecer dados,,Coleta Interna,diária,Não,,,,,,Urbana,2012-07-01 00:00:00,,Ativa,
SP,Itaim Paulista,São Paulo,SP0266,SP0266RA017,NO,017,3550308,35,CETESB,Pública,CETESB,Pública,-23.50155,-46.42074,Fixa,Referencia,Automatica,,,Fornecer dados,,Coleta Interna,diária,Não,,,,,,Urbana,2012-07-01 00:00:00,,Ativa,
SP,Itaim Paulista,São Paulo,SP0266,SP0266RA005,O3,005,3550308,35,CETESB,Pública,CETESB,Pública,-23.50155,-46.42074,Fixa,Referencia,Automatica,ultravioleta,,Fornecer dados,,Coleta Interna,diária,Não,,,,,,Urbana,2012-07-01 00:00:00,,Ativa,
SP,Itaim Paulista,São Paulo,SP0266,SP0266RA004,NO2,004,3550308,35,CETESB,Pública,CETESB,Pública,-23.50155,-46.42074,Fixa,Referencia,Automatica,,,Fornecer dados,,Coleta Interna,diária,Não,,,,,,Urbana,2012-07-01 00:00:00,,Ativa,
SP,Itaim Paulista,São Paulo,SP0266,SP0266RA018,NOX,018,3550308,35,CETESB,Pública,CETESB,Pública,-23.50155,-46.42074,Fixa,Referencia,Automatica,,,Fornecer dados,,Coleta Interna,diária,Não,,,,,,Urbana,2012-07-01 00:00:00,,Ativa,
SP,Itaim Paulista,São Paulo,SP0266,SP0266RA002,MP25,002,3550308,35,CETESB,Pública,CETESB,Pública,-23.50155,-46.42074,Fixa,Referencia,Automatica,radiação Beta,,Fornecer dados,,Coleta Interna,diária,Não,,,,,,Urbana,2012-07-01 00:00:00,,Ativa,
SP,Itaquera,São Paulo,SP0097,SP0097RA001,MP10,001,3550308,35,CETESB,Pública,CETESB,Pública,-23.58001,-46.46665,Fixa,Referencia,Automatica,radiação Beta,,Fornecer dados,,Coleta Interna,diária,Não,,,,,,Urbana,2007-08-01 00:00:00,,Ativa,
SP,Itaquera,São Paulo,SP0097,SP0097RA017,NO,017,3550308,35,CETESB,Pública,CETESB,Pública,-23.58001,-46.46665,Fixa,Referencia,Automatica,,,Fornecer dados,,Coleta Interna,diária,Não,,,,,,Urbana,2007-08-01 00:00:00,,Ativa,
SP,Itaquera,São Paulo,SP0097,SP0097RA005,O3,005,3550308,35,CETESB,Pública,CETESB,Pública,-23.58001,-46.46665,Fixa,Referencia,Automatica,ultravioleta,,Fornecer dados,,Coleta Interna,diária,Não,,,,,,Urbana,2007-08-01 00:00:00,,Ativa,
SP,Itaquera,São Paulo,SP0097,SP0097RA004,NO2,004,3550308,35,CETESB,Pública,CETESB,Pública,-23.58001,-46.46665,Fixa,Referencia,Automatica,,,Fornecer dados,,Coleta Interna,diária,Não,,,,,,Urbana,2007-08-01 00:00:00,,Ativa,
SP,Itaquera,São Paulo,SP0097,SP0097RA018,NOX,018,3550308,35,CETESB,Pública,CETESB,Pública,-23.58001,-46.46665,Fixa,Referencia,Automatica,,,Fornecer dados,,Coleta Interna,diária,Não,,,,,,Urbana,2007-08-01 00:00:00,,Ativa,
SP,Itaquera,São Paulo,SP0097,SP0097RA002,MP25,002,3550308,35,CETESB,Pública,CETESB,Pública,-23.58001,-46.46665,Fixa,Referencia,Automatica,radiação Beta,,Fornecer dados,,Coleta Interna,diária,Não,,,,,,Urbana,2007-08-01 00:00:00,,Ativa,
SP,Itu - Centro,Itu,SP1005,SP1005RM006,FMC,006,3523909,35,CETESB,Pública,CETESB,Pública,-23.261121,-47.303138,Fixa,Referencia,Manual,,,Fornecer dados,,Coleta Interna,,Não,,,Nao,,,Bairro,1986-01-01 00:00:00,,Sim,
SP,Jaboticabal - Jd. Kennedy,Jaboticabal,SP1006,SP1006RM001,MP10,001,3524303,35,CETESB,Pública,CETESB,Pública,-21.262734,-48.329173,Fixa,Referencia,Manual,gravimétrico / amostrador de grandes volumes acoplado a um separador inercial/impactação,,Fornecer dados,,Coleta Interna,,Não,,,Nao,,,Bairro,2011-01-01 00:00:00,,Sim,
SP,Jacareí,Jacareí,SP0259,SP0259RA001,MP10,001,3524402,35,CETESB,Pública,CETESB,Pública,-23.2942,-45.96823,Fixa,Referencia,Automatica,radiação Beta,,Fornecer dados,,Coleta Interna,diária,Não,,,,,,Bairro,2011-01-01 00:00:00,,Ativa,
SP,Jacareí,Jacareí,SP0259,SP0259RA017,NO,017,3524402,35,CETESB,Pública,CETESB,Pública,-23.2942,-45.96823,Fixa,Referencia,Automatica,,,Fornecer dados,,Coleta Interna,diária,Não,,,,,,Bairro,2011-01-01 00:00:00,,Ativa,
SP,Jacareí,Jacareí,SP0259,SP0259RA005,O3,005,3524402,35,CETESB,Pública,CETESB,Pública,-23.2942,-45.96823,Fixa,Referencia,Automatica,ultravioleta,,Fornecer dados,,Coleta Interna,diária,Não,,,,,,Bairro,2011-01-01 00:00:00,,Ativa,
SP,Jacareí,Jacareí,SP0259,SP0259RA004,NO2,004,3524402,35,CETESB,Pública,CETESB,Pública,-23.2942,-45.96823,Fixa,Referencia,Automatica,,,Fornecer dados,,Coleta Interna,diária,Não,,,,,,Bairro,2011-01-01 00:00:00,,Ativa,
SP,Jacareí,Jacareí,SP0259,SP0259RA018,NOX,018,3524402,35,CETESB,Pública,CETESB,Pública,-23.2942,-45.96823,Fixa,Referencia,Automatica,,,Fornecer dados,,Coleta Interna,diária,Não,,,,,,Bairro,2011-01-01 00:00:00,,Ativa,
SP,Jaú,Jaú,SP0110,SP0110RA001,MP10,001,3525300,35,CETESB,Pública,CETESB,Pública,-22.29862,-48.56746,Fixa,Referencia,Automatica,radiação Beta,,Fornecer dados,,Coleta Interna,diária,Não,,,,,,Urbana,2008-09-01 00:00:00,,Ativa,
SP,Jaú,Jaú,SP0110,SP0110RA017,NO,017,3525300,35,CETESB,Pública,CETESB,Pública,-22.29862,-48.56746,Fixa,Referencia,Automatica,,,Fornecer dados,,Coleta Interna,diária,Não,,,,,,Urbana,2008-09-01 00:00:00,,Ativa,
SP,Jaú,Jaú,SP0110,SP0110RA005,O3,005,3525300,35,CETESB,Pública,CETESB,Pública,-22.29862,-48.56746,Fixa,Referencia,Automatica,ultravioleta,,Fornecer dados,,Coleta Interna,diária,Não,,,,,,Urbana,2008-09-01 00:00:00,,Ativa,
SP,Jaú,Jaú,SP0110,SP0110RA004,NO2,004,3525300,35,CETESB,Pública,CETESB,Pública,-22.29862,-48.56746,Fixa,Referencia,Automatica,,,Fornecer dados,,Coleta Interna,diária,Não,,,,,,Urbana,2008-09-01 00:00:00,,Ativa,
SP,Jaú,Jaú,SP0110,SP0110RA018,NOX,018,3525300,35,CETESB,Pública,CETESB,Pública,-22.29862,-48.56746,Fixa,Referencia,Automatica,,,Fornecer dados,,Coleta Interna,diária,Não,,,,,,Urbana,2008-09-01 00:00:00,,Ativa,
SP,Jundiaí,Jundiaí,SP0109,SP0109RA001,MP10,001,3525904,35,CETESB,Pública,CETESB,Pública,-23.192,-46.8971,Fixa,Referencia,Automatica,radiação Beta,,Fornecer dados,,Coleta Interna,diária,Não,,,,,,Urbana,2008-10-01 00:00:00,,Ativa,
SP,Jundiaí,Jundiaí,SP0109,SP0109RA017,NO,017,3525904,35,CETESB,Pública,CETESB,Pública,-23.192,-46.8971,Fixa,Referencia,Automatica,,,Fornecer dados,,Coleta Interna,diária,Não,,,,,,Urbana,2008-10-01 00:00:00,,Ativa,
SP,Jundiaí,Jundiaí,SP0109,SP0109RA005,O3,005,3525904,35,CETESB,Pública,CETESB,Pública,-23.192,-46.8971,Fixa,Referencia,Automatica,ultravioleta,,Fornecer dados,,Coleta Interna,diária,Não,,,,,,Urbana,2008-10-01 00:00:00,,Ativa,
SP,Jundiaí,Jundiaí,SP0109,SP0109RA004,NO2,004,3525904,35,CETESB,Pública,CETESB,Pública,-23.192,-46.8971,Fixa,Referencia,Automatica,,,Fornecer dados,,Coleta Interna,diária,Não,,,,,,Urbana,2008-10-01 00:00:00,,Ativa,
SP,Jundiaí,Jundiaí,SP0109,SP0109RA018,NOX,018,3525904,35,CETESB,Pública,CETESB,Pública,-23.192,-46.8971,Fixa,Referencia,Automatica,,,Fornecer dados,,Coleta Interna,diária,Não,,,,,,Urbana,2008-10-01 00:00:00,,Ativa,
SP,Jundiaí,Jundiaí,SP0109,SP0109RA002,MP25,002,3525904,35,CETESB,Pública,CETESB,Pública,-23.192,-46.8971,Fixa,Referencia,Automatica,radiação Beta,,Fornecer dados,,Coleta Interna,diária,Não,,,,,,Urbana,2008-10-01 00:00:00,,Ativa,
SP,Jundiaí - Centro,Jundiaí,SP1007,SP1007RM006,FMC,006,3525904,35,CETESB,Pública,CETESB,Pública,-23.181464,-46.890469,Fixa,Referencia,Manual,,,Fornecer dados,,Coleta Interna,,Não,,,Nao,,,Média,1986-01-01 00:00:00,,Sim,
SP,Limeira,Limeira,SP0281,SP0281RA001,MP10,001,3526902,35,CETESB,Pública,CETESB,Pública,-22.5636,-47.41431,Fixa,Referencia,Automatica,radiação Beta,,Fornecer dados,,Coleta Interna,diária,Não,,,,,,Bairro,2016-01-01 00:00:00,,Ativa,
SP,Limeira,Limeira,SP0281,SP0281RA017,NO,017,3526902,35,CETESB,Pública,CETESB,Pública,-22.5636,-47.41431,Fixa,Referencia,Automatica,,,Fornecer dados,,Coleta Interna,diária,Não,,,,,,Bairro,2016-01-01 00:00:00,,Ativa,
SP,Limeira,Limeira,SP0281,SP0281RA005,O3,005,3526902,35,CETESB,Pública,CETESB,Pública,-22.5636,-47.41431,Fixa,Referencia,Automatica,ultravioleta,,Fornecer dados,,Coleta Interna,diária,Não,,,,,,Bairro,2016-01-01 00:00:00,,Ativa,
SP,Limeira,Limeira,SP0281,SP0281RA004,NO2,004,3526902,35,CETESB,Pública,CETESB,Pública,-22.5636,-47.41431,Fixa,Referencia,Automatica,,,Fornecer dados,,Coleta Interna,diária,Não,,,,,,Bairro,2016-01-01 00:00:00,,Ativa,
SP,Limeira,Limeira,SP0281,SP0281RA018,NOX,018,3526902,35,CETESB,Pública,CETESB,Pública,-22.5636,-47.41431,Fixa,Referencia,Automatica,,,Fornecer dados,,Coleta Interna,diária,Não,,,,,,Bairro,2016-01-01 00:00:00,,Ativa,
SP,Limeira,Limeira,SP0281,SP0281RA002,MP25,002,3526902,35,CETESB,Pública,CETESB,Pública,-22.5636,-47.41431,Fixa,Referencia,Automatica,radiação Beta,,Fornecer dados,,Coleta Interna,diária,Não,,,,,,Bairro,2016-01-01 00:00:00,,Ativa,
SP,Marg. Tietê - Pte. Dos Remédios,São Paulo,SP1008,SP1008RM020,ACETAL,020,3550308,35,CETESB,Pública,CETESB,Pública,-23.518702,-46.743318,Fixa,Referencia,Manual,,,Fornecer dados,,Coleta Interna,,Não,,,Nao,,,Micro,2022-01-01 00:00:00,,Sim,
SP,Marg. Tietê - Pte. Dos Remédios,São Paulo,SP1008,SP1008RM021,FORMAL,021,3550308,35,CETESB,Pública,CETESB,Pública,-23.518702,-46.743318,Fixa,Referencia,Manual,,,Fornecer dados,,Coleta Interna,,Não,,,Nao,,,Micro,2022-01-01 00:00:00,,Sim,
SP,Marg. Tietê - Pte. Dos Remédios,São Paulo,SP1008,SP1008RM010,BENZENO,010,3550308,35,CETESB,Pública,CETESB,Pública,-23.518702,-46.743318,Fixa,Referencia,Manual,,,Fornecer dados,,Coleta Interna,,Não,,,Nao,,,Micro,2022-01-01 00:00:00,,Sim,
SP,Marg. Tietê - Pte. Dos Remédios,São Paulo,SP1008,SP1008RM022,TOLUENO,022,3550308,35,CETESB,Pública,CETESB,Pública,-23.518702,-46.743318,Fixa,Referencia,Manual,,,Fornecer dados,,Coleta Interna,,Não,,,Nao,,,Micro,2022-01-01 00:00:00,,Sim,
SP,Marg.Tietê-Pte Remédios,São Paulo,SP0270,SP0270RA001,MP10,001,3550308,35,CETESB,Pública,CETESB,Pública,-23.51871,-46.74332,Fixa,Referencia,Automatica,radiação Beta,,Fornecer dados,,Coleta Interna,diária,Não,,,,,,Micro,2012-09-01 00:00:00,,Ativa,
SP,Marg.Tietê-Pte Remédios,São Paulo,SP0270,SP0270RA017,NO,017,3550308,35,CETESB,Pública,CETESB,Pública,-23.51871,-46.74332,Fixa,Referencia,Automatica,,,Fornecer dados,,Coleta Interna,diária,Não,,,,,,Micro,2012-09-01 00:00:00,,Ativa,
SP,Marg.Tietê-Pte Remédios,São Paulo,SP0270,SP0270RA007,CO,007,3550308,35,CETESB,Pública,CETESB,Pública,-23.51871,-46.74332,Fixa,Referencia,Automatica,infravermelho não dispersivo (GFC),,Fornecer dados,,Coleta Interna,diária,Não,,,,,,Micro,2012-09-01 00:00:00,,Ativa,
SP,Marg.Tietê-Pte Remédios,São Paulo,SP0270,SP0270RA003,SO2,003,3550308,35,CETESB,Pública,CETESB,Pública,-23.51871,-46.74332,Fixa,Referencia,Automatica,fluorescência de pulso (ultravioleta),,Fornecer dados,,Coleta Interna,diária,Não,,,,,,Micro,2012-09-01 00:00:00,,Ativa,
SP,Marg.Tietê-Pte Remédios,São Paulo,SP0270,SP0270RA004,NO2,004,3550308,35,CETESB,Pública,CETESB,Pública,-23.51871,-46.74332,Fixa,Referencia,Automatica,,,Fornecer dados,,Coleta Interna,diária,Não,,,,,,Micro,2012-09-01 00:00:00,,Ativa,
SP,Marg.Tietê-Pte Remédios,São Paulo,SP0270,SP0270RA018,NOX,018,3550308,35,CETESB,Pública,CETESB,Pública,-23.51871,-46.74332,Fixa,Referencia,Automatica,,,Fornecer dados,,Coleta Interna,diária,Não,,,,,,Micro,2012-09-01 00:00:00,,Ativa,
SP,Marg.Tietê-Pte Remédios,São Paulo,SP0270,SP0270RA012,ERT,012,3550308,35,CETESB,Pública,CETESB,Pública,-23.51871,-46.74332,Fixa,Referencia,Automatica,oxidação térmica - fluorescência de pulso (ultravioleta),,Fornecer dados,,Coleta Interna,diária,Não,,,,,,Micro,2012-09-01 00:00:00,,Ativa,
SP,Marg.Tietê-Pte Remédios,São Paulo,SP0270,SP0270RA002,MP25,002,3550308,35,CETESB,Pública,CETESB,Pública,-23.51871,-46.74332,Fixa,Referencia,Automatica,radiação Beta,,Fornecer dados,,Coleta Interna,diária,Não,,,,,,Micro,2012-09-01 00:00:00,,Ativa,
SP,Marília,Marília,SP0111,SP0111RA001,MP10,001,3529005,35,CETESB,Pública,CETESB,Pública,-22.19981,-49.95997,Fixa,Referencia,Automatica,radiação Beta,,Fornecer dados,,Coleta Interna,diária,Não,,,,,,Urbana,2008-04-01 00:00:00,,Ativa,
SP,Marília,Marília,SP0111,SP0111RA017,NO,017,3529005,35,CETESB,Pública,CETESB,Pública,-22.19981,-49.95997,Fixa,Referencia,Automatica,,,Fornecer dados,,Coleta Interna,diária,Não,,,,,,Urbana,2008-04-01 00:00:00,,Ativa,
SP,Marília,Marília,SP0111,SP0111RA005,O3,005,3529005,35,CETESB,Pública,CETESB,Pública,-22.19981,-49.95997,Fixa,Referencia,Automatica,ultravioleta,,Fornecer dados,,Coleta Interna,diária,Não,,,,,,Urbana,2008-04-01 00:00:00,,Ativa,
SP,Marília,Marília,SP0111,SP0111RA004,NO2,004,3529005,35,CETESB,Pública,CETESB,Pública,-22.19981,-49.95997,Fixa,Referencia,Automatica,,,Fornecer dados,,Coleta Interna,diária,Não,,,,,,Urbana,2008-04-01 00:00:00,,Ativa,
SP,Marília,Marília,SP0111,SP0111RA018,NOX,018,3529005,35,CETESB,Pública,CETESB,Pública,-22.19981,-49.95997,Fixa,Referencia,Automatica,,,Fornecer dados,,Coleta Interna,diária,Não,,,,,,Urbana,2008-04-01 00:00:00,,Ativa,
SP,Mauá,Mauá,SP0065,SP0065RA001,MP10,001,3529401,35,CETESB,Pública,CETESB,Pública,-23.66855,-46.466,Fixa,Referencia,Automatica,radiação Beta,,Fornecer dados,,Coleta Interna,diária,Não,,,,,,Bairro,1981,,Ativa,
SP,Mauá,Mauá,SP0065,SP0065RA017,NO,017,3529401,35,CETESB,Pública,CETESB,Pública,-23.66855,-46.466,Fixa,Referencia,Automatica,,,Fornecer dados,,Coleta Interna,diária,Não,,,,,,Bairro,1981,,Ativa,
SP,Mauá,Mauá,SP0065,SP0065RA005,O3,005,3529401,35,CETESB,Pública,CETESB,Pública,-23.66855,-46.466,Fixa,Referencia,Automatica,ultravioleta,,Fornecer dados,,Coleta Interna,diária,Não,,,,,,Bairro,1981,,Ativa,
SP,Mauá,Mauá,SP0065,SP0065RA004,NO2,004,3529401,35,CETESB,Pública,CETESB,Pública,-23.66855,-46.466,Fixa,Referencia,Automatica,,,Fornecer dados,,Coleta Interna,diária,Não,,,,,,Bairro,1981,,Ativa,
SP,Mauá,Mauá,SP0065,SP0065RA018,NOX,018,3529401,35,CETESB,Pública,CETESB,Pública,-23.66855,-46.466,Fixa,Referencia,Automatica,,,Fornecer dados,,Coleta Interna,diária,Não,,,,,,Bairro,1981,,Ativa,
SP,Mauá,Mauá,SP0065,SP0065RA002,MP25,002,3529401,35,CETESB,Pública,CETESB,Pública,-23.66855,-46.466,Fixa,Referencia,Automatica,radiação Beta,,Fornecer dados,,Coleta Interna,diária,Não,,,,,,Bairro,1981,,Ativa,
SP,Mogi das Cruzes,Mogi das Cruzes,SP0287,SP0287RA001,MP10,001,3530607,35,CETESB,Pública,CETESB,Pública,-23.520283,-46.1876316,,Referencia,Automatica,radiação Beta,,Fornecer dados,,Coleta Interna,,,,,,,,,,,,
SP,Mogi das Cruzes,Mogi das Cruzes,SP0287,SP0287RA017,NO,017,3530607,35,CETESB,Pública,CETESB,Pública,-23.520283,-46.1876316,,Referencia,Automatica,,,Fornecer dados,,Coleta Interna,,,,,,,,,,,,
SP,Mogi das Cruzes,Mogi das Cruzes,SP0287,SP0287RA005,O3,005,3530607,35,CETESB,Pública,CETESB,Pública,-23.520283,-46.1876316,,Referencia,Automatica,ultravioleta,,Fornecer dados,,Coleta Interna,,,,,,,,,,,,
SP,Mogi das Cruzes,Mogi das Cruzes,SP0287,SP0287RA004,NO2,004,3530607,35,CETESB,Pública,CETESB,Pública,-23.520283,-46.1876316,,Referencia,Automatica,,,Fornecer dados,,Coleta Interna,,,,,,,,,,,,
SP,Mogi das Cruzes,Mogi das Cruzes,SP0287,SP0287RA018,NOX,018,3530607,35,CETESB,Pública,CETESB,Pública,-23.520283,-46.1876316,,Referencia,Automatica,,,Fornecer dados,,Coleta Interna,,,,,,,,,,,,
SP,Mooca,São Paulo,SP0085,SP0085RA001,MP10,001,3550308,35,CETESB,Pública,CETESB,Pública,-23.54973,-46.60042,Fixa,Referencia,Automatica,radiação Beta,,Fornecer dados,,Coleta Interna,diária,Não,,,,,,Bairro,1981,,Ativa,
SP,Mooca,São Paulo,SP0085,SP0085RA007,CO,007,3550308,35,CETESB,Pública,CETESB,Pública,-23.54973,-46.60042,Fixa,Referencia,Automatica,infravermelho não dispersivo (GFC),,Fornecer dados,,Coleta Interna,diária,Não,,,,,,Bairro,1981,,Ativa,
SP,Mooca,São Paulo,SP0085,SP0085RA005,O3,005,3550308,35,CETESB,Pública,CETESB,Pública,-23.54973,-46.60042,Fixa,Referencia,Automatica,ultravioleta,,Fornecer dados,,Coleta Interna,diária,Não,,,,,,Bairro,1981,,Ativa,
SP,Mooca,São Paulo,SP0085,SP0085RA002,MP25,002,3550308,35,CETESB,Pública,CETESB,Pública,-23.54973,-46.60042,Fixa,Referencia,Automatica,radiação Beta,,Fornecer dados,,Coleta Interna,diária,Não,,,,,,Bairro,1981,,Ativa,
SP,N.Senhora do Ó,São Paulo,SP0096,SP0096RA001,MP10,001,3550308,35,CETESB,Pública,CETESB,Pública,-23.4801,-46.69205,Fixa,Referencia,Automatica,radiação Beta,,Fornecer dados,,Coleta Interna,diária,Não,,,,,,Bairro,1981,,Ativa,
SP,N.Senhora do Ó,São Paulo,SP0096,SP0096RA005,O3,005,3550308,35,CETESB,Pública,CETESB,Pública,-23.4801,-46.69205,Fixa,Referencia,Automatica,ultravioleta,,Fornecer dados,,Coleta Interna,diária,Não,,,,,,Bairro,1981,,Ativa,
SP,N.Senhora do Ó,São Paulo,SP0096,SP0096RA002,MP25,002,3550308,35,CETESB,Pública,CETESB,Pública,-23.4801,-46.69205,Fixa,Referencia,Automatica,radiação Beta,,Fornecer dados,,Coleta Interna,diária,Não,,,,,,Bairro,1981,,Ativa,
SP,Osasco,Osasco,SP0120,SP0120RA001,MP10,001,3534401,35,CETESB,Pública,CETESB,Pública,-23.52672,-46.79208,Fixa,Referencia,Automatica,radiação Beta,,Fornecer dados,,Coleta Interna,diária,Não,,,,,,Micro,1981,,Ativa,
SP,Osasco,Osasco,SP0120,SP0120RA017,NO,017,3534401,35,CETESB,Pública,CETESB,Pública,-23.52672,-46.79208,Fixa,Referencia,Automatica,,,Fornecer dados,,Coleta Interna,diária,Não,,,,,,Micro,1981,,Ativa,
SP,Osasco,Osasco,SP0120,SP0120RA007,CO,007,3534401,35,CETESB,Pública,CETESB,Pública,-23.52672,-46.79208,Fixa,Referencia,Automatica,infravermelho não dispersivo (GFC),,Fornecer dados,,Coleta Interna,diária,Não,,,,,,Micro,1981,,Ativa,
SP,Osasco,Osasco,SP0120,SP0120RA005,O3,005,3534401,35,CETESB,Pública,CETESB,Pública,-23.52672,-46.79208,Fixa,Referencia,Automatica,ultravioleta,,Fornecer dados,,Coleta Interna,diária,Não,,,,,,Micro,1981,,Ativa,
SP,Osasco,Osasco,SP0120,SP0120RA003,SO2,003,3534401,35,CETESB,Pública,CETESB,Pública,-23.52672,-46.79208,Fixa,Referencia,Automatica,fluorescência de pulso (ultravioleta),,Fornecer dados,,Coleta Interna,diária,Não,,,,,,Micro,1981,,Ativa,
SP,Osasco,Osasco,SP0120,SP0120RA004,NO2,004,3534401,35,CETESB,Pública,CETESB,Pública,-23.52672,-46.79208,Fixa,Referencia,Automatica,,,Fornecer dados,,Coleta Interna,diária,Não,,,,,,Micro,1981,,Ativa,
SP,Osasco,Osasco,SP0120,SP0120RA018,NOX,018,3534401,35,CETESB,Pública,CETESB,Pública,-23.52672,-46.79208,Fixa,Referencia,Automatica,,,Fornecer dados,,Coleta Interna,diária,Não,,,,,,Micro,1981,,Ativa,
SP,Osasco,Osasco,SP0120,SP0120RA002,MP25,002,3534401,35,CETESB,Pública,CETESB,Pública,-23.52672,-46.79208,Fixa,Referencia,Automatica,radiação Beta,,Fornecer dados,,Coleta Interna,diária,Não,,,,,,Micro,1981,,Ativa,
SP,Osasco,Osasco,SP0120,SP0120RA001,MP10,001,3534401,35,CETESB,Pública,CETESB,Pública,-23.52672,-46.79208,Fixa,Referencia,Automatica,radiação Beta,,Fornecer dados,,Coleta Interna,,Não,,,,,,Micro,1998-01-01 00:00:00,,Ativa,
SP,Osasco,Osasco,SP0120,SP0120RA017,NO,017,3534401,35,CETESB,Pública,CETESB,Pública,-23.52672,-46.79208,Fixa,Referencia,Automatica,,,Fornecer dados,,Coleta Interna,,Não,,,,,,Micro,1998-01-01 00:00:00,,Ativa,
SP,Osasco,Osasco,SP0120,SP0120RA007,CO,007,3534401,35,CETESB,Pública,CETESB,Pública,-23.52672,-46.79208,Fixa,Referencia,Automatica,infravermelho não dispersivo (GFC),,Fornecer dados,,Coleta Interna,,Não,,,,,,Micro,1998-01-01 00:00:00,,Ativa,
SP,Osasco,Osasco,SP0120,SP0120RA005,O3,005,3534401,35,CETESB,Pública,CETESB,Pública,-23.52672,-46.79208,Fixa,Referencia,Automatica,ultravioleta,,Fornecer dados,,Coleta Interna,,Não,,,,,,Micro,1998-01-01 00:00:00,,Ativa,
SP,Osasco,Osasco,SP0120,SP0120RA003,SO2,003,3534401,35,CETESB,Pública,CETESB,Pública,-23.52672,-46.79208,Fixa,Referencia,Automatica,fluorescência de pulso (ultravioleta),,Fornecer dados,,Coleta Interna,,Não,,,,,,Micro,1998-01-01 00:00:00,,Ativa,
SP,Osasco,Osasco,SP0120,SP0120RA004,NO2,004,3534401,35,CETESB,Pública,CETESB,Pública,-23.52672,-46.79208,Fixa,Referencia,Automatica,,,Fornecer dados,,Coleta Interna,,Não,,,,,,Micro,1998-01-01 00:00:00,,Ativa,
SP,Osasco,Osasco,SP0120,SP0120RA018,NOX,018,3534401,35,CETESB,Pública,CETESB,Pública,-23.52672,-46.79208,Fixa,Referencia,Automatica,,,Fornecer dados,,Coleta Interna,,Não,,,,,,Micro,1998-01-01 00:00:00,,Ativa,
SP,Osasco,Osasco,SP0120,SP0120RA002,MP25,002,3534401,35,CETESB,Pública,CETESB,Pública,-23.52672,-46.79208,Fixa,Referencia,Automatica,radiação Beta,,Fornecer dados,,Coleta Interna,,Não,,,,,,Micro,1998-01-01 00:00:00,,Ativa,
SP,Parque D.Pedro II,São Paulo,SP0072,SP0072RA001,MP10,001,3550308,35,CETESB,Pública,CETESB,Pública,-23.54485,-46.62768,Fixa,Referencia,Automatica,radiação Beta,,Fornecer dados,,Coleta Interna,diária,Não,,,,,,Bairro,1981,,Ativa,
SP,Parque D.Pedro II,São Paulo,SP0072,SP0072RA017,NO,017,3550308,35,CETESB,Pública,CETESB,Pública,-23.54485,-46.62768,Fixa,Referencia,Automatica,,,Fornecer dados,,Coleta Interna,diária,Não,,,,,,Bairro,1981,,Ativa,
SP,Parque D.Pedro II,São Paulo,SP0072,SP0072RA007,CO,007,3550308,35,CETESB,Pública,CETESB,Pública,-23.54485,-46.62768,Fixa,Referencia,Automatica,infravermelho não dispersivo (GFC),,Fornecer dados,,Coleta Interna,diária,Não,,,,,,Bairro,1981,,Ativa,
SP,Parque D.Pedro II,São Paulo,SP0072,SP0072RA005,O3,005,3550308,35,CETESB,Pública,CETESB,Pública,-23.54485,-46.62768,Fixa,Referencia,Automatica,ultravioleta,,Fornecer dados,,Coleta Interna,diária,Não,,,,,,Bairro,1981,,Ativa,
SP,Parque D.Pedro II,São Paulo,SP0072,SP0072RA003,SO2,003,3550308,35,CETESB,Pública,CETESB,Pública,-23.54485,-46.62768,Fixa,Referencia,Automatica,fluorescência de pulso (ultravioleta),,Fornecer dados,,Coleta Interna,diária,Não,,,,,,Bairro,1981,,Ativa,
SP,Parque D.Pedro II,São Paulo,SP0072,SP0072RA004,NO2,004,3550308,35,CETESB,Pública,CETESB,Pública,-23.54485,-46.62768,Fixa,Referencia,Automatica,,,Fornecer dados,,Coleta Interna,diária,Não,,,,,,Bairro,1981,,Ativa,
SP,Parque D.Pedro II,São Paulo,SP0072,SP0072RA018,NOX,018,3550308,35,CETESB,Pública,CETESB,Pública,-23.54485,-46.62768,Fixa,Referencia,Automatica,,,Fornecer dados,,Coleta Interna,diária,Não,,,,,,Bairro,1981,,Ativa,
SP,Parque D.Pedro II,São Paulo,SP0072,SP0072RA002,MP25,002,3550308,35,CETESB,Pública,CETESB,Pública,-23.54485,-46.62768,Fixa,Referencia,Automatica,radiação Beta,,Fornecer dados,,Coleta Interna,diária,Não,,,,,,Bairro,1981,,Ativa,
SP,Paulinia - Bairro Cascata,Paulínia,SP1009,SP1009RM003,SO2,003,3536505,35,CETESB,Pública,CETESB,Pública,-22.715219,-47.150656,Fixa,Referencia,Manual,cromatografia iônica / amostrador passivo,,Fornecer dados,,Coleta Interna,,Não,,,Nao,,,Bairro,2002-11-01 00:00:00,,Sim,
SP,Paulínia,Paulínia,SP0117,SP0117RA001,MP10,001,3536505,35,CETESB,Pública,CETESB,Pública,-22.77232,-47.15484,Fixa,Referencia,Automatica,radiação Beta,,Fornecer dados,,Coleta Interna,diária,Não,,,,,,Bairro,2000-02-01 00:00:00,,Ativa,
SP,Paulínia,Paulínia,SP0117,SP0117RA017,NO,017,3536505,35,CETESB,Pública,CETESB,Pública,-22.77232,-47.15484,Fixa,Referencia,Automatica,,,Fornecer dados,,Coleta Interna,diária,Não,,,,,,Bairro,2000-02-01 00:00:00,,Ativa,
SP,Paulínia,Paulínia,SP0117,SP0117RA010,BENZENO,010,3536505,35,CETESB,Pública,CETESB,Pública,-22.77232,-47.15484,Fixa,Referencia,Automatica,,,Fornecer dados,,Coleta Interna,diária,Não,,,,,,Bairro,2000-02-01 00:00:00,,Ativa,
SP,Paulínia,Paulínia,SP0117,SP0117RA007,CO,007,3536505,35,CETESB,Pública,CETESB,Pública,-22.77232,-47.15484,Fixa,Referencia,Automatica,infravermelho não dispersivo (GFC),,Fornecer dados,,Coleta Interna,diária,Não,,,,,,Bairro,2000-02-01 00:00:00,,Ativa,
SP,Paulínia,Paulínia,SP0117,SP0117RA005,O3,005,3536505,35,CETESB,Pública,CETESB,Pública,-22.77232,-47.15484,Fixa,Referencia,Automatica,ultravioleta,,Fornecer dados,,Coleta Interna,diária,Não,,,,,,Bairro,2000-02-01 00:00:00,,Ativa,
SP,Paulínia,Paulínia,SP0117,SP0117RA003,SO2,003,3536505,35,CETESB,Pública,CETESB,Pública,-22.77232,-47.15484,Fixa,Referencia,Automatica,fluorescência de pulso (ultravioleta),,Fornecer dados,,Coleta Interna,diária,Não,,,,,,Bairro,2000-02-01 00:00:00,,Ativa,
SP,Paulínia,Paulínia,SP0117,SP0117RA004,NO2,004,3536505,35,CETESB,Pública,CETESB,Pública,-22.77232,-47.15484,Fixa,Referencia,Automatica,,,Fornecer dados,,Coleta Interna,diária,Não,,,,,,Bairro,2000-02-01 00:00:00,,Ativa,
SP,Paulínia,Paulínia,SP0117,SP0117RA022,TOLUENO,022,3536505,35,CETESB,Pública,CETESB,Pública,-22.77232,-47.15484,Fixa,Referencia,Automatica,,,Fornecer dados,,Coleta Interna,diária,Não,,,,,,Bairro,2000-02-01 00:00:00,,Ativa,
SP,Paulínia,Paulínia,SP0117,SP0117RA016,HCNM,016,3536505,35,CETESB,Pública,CETESB,Pública,-22.77232,-47.15484,Fixa,Referencia,Automatica,,,Fornecer dados,,Coleta Interna,diária,Não,,,,,,Bairro,2000-02-01 00:00:00,,Ativa,
SP,Paulínia,Paulínia,SP0117,SP0117RA018,NOX,018,3536505,35,CETESB,Pública,CETESB,Pública,-22.77232,-47.15484,Fixa,Referencia,Automatica,,,Fornecer dados,,Coleta Interna,diária,Não,,,,,,Bairro,2000-02-01 00:00:00,,Ativa,
SP,Paulínia - João Aranha,Paulínia,SP1010,SP1010RM003,SO2,003,3536505,35,CETESB,Pública,CETESB,Pública,-22.751863,-47.173904,Fixa,Referencia,Manual,cromatografia iônica / amostrador passivo,,Fornecer dados,,Coleta Interna,,Não,,,Nao,,,Bairro,2014-01-01 00:00:00,,Sim,
SP,Paulínia Sul,Paulínia,SP0112,SP0112RA001,MP10,001,3536505,35,CETESB,Pública,CETESB,Pública,-22.7868064353096,-47.1365588816411,,Referencia,Automatica,radiação Beta,,Fornecer dados,,Coleta Interna,,,,,,,,,,,,
SP,Paulínia Sul,Paulínia,SP0112,SP0112RA017,NO,017,3536505,35,CETESB,Pública,CETESB,Pública,-22.7868064353096,-47.1365588816411,,Referencia,Automatica,,,Fornecer dados,,Coleta Interna,,,,,,,,,,,,
SP,Paulínia Sul,Paulínia,SP0112,SP0112RA005,O3,005,3536505,35,CETESB,Pública,CETESB,Pública,-22.7868064353096,-47.1365588816411,,Referencia,Automatica,ultravioleta,,Fornecer dados,,Coleta Interna,,,,,,,,,,,,
SP,Paulínia Sul,Paulínia,SP0112,SP0112RA003,SO2,003,3536505,35,CETESB,Pública,CETESB,Pública,-22.7868064353096,-47.1365588816411,,Referencia,Automatica,fluorescência de pulso (ultravioleta),,Fornecer dados,,Coleta Interna,,,,,,,,,,,,
SP,Paulínia Sul,Paulínia,SP0112,SP0112RA004,NO2,004,3536505,35,CETESB,Pública,CETESB,Pública,-22.7868064353096,-47.1365588816411,,Referencia,Automatica,,,Fornecer dados,,Coleta Interna,,,,,,,,,,,,
SP,Paulínia Sul,Paulínia,SP0112,SP0112RA018,NOX,018,3536505,35,CETESB,Pública,CETESB,Pública,-22.7868064353096,-47.1365588816411,,Referencia,Automatica,,,Fornecer dados,,Coleta Interna,,,,,,,,,,,,
SP,Paulínia-Sta Terezinha,Paulínia,SP0291,SP0291RA001,MP10,001,3536505,35,CETESB,Pública,CETESB,Pública,-22.78021,-47.13904,Fixa,Referencia,Automatica,radiação Beta,,Fornecer dados,,Coleta Interna,diária,Não,,,,,,Bairro,2018-03-01 00:00:00,,Ativa,
SP,Paulínia-Sta Terezinha,Paulínia,SP0291,SP0291RA017,NO,017,3536505,35,CETESB,Pública,CETESB,Pública,-22.78021,-47.13904,Fixa,Referencia,Automatica,,,Fornecer dados,,Coleta Interna,diária,Não,,,,,,Bairro,2018-03-01 00:00:00,,Ativa,
SP,Paulínia-Sta Terezinha,Paulínia,SP0291,SP0291RA005,O3,005,3536505,35,CETESB,Pública,CETESB,Pública,-22.78021,-47.13904,Fixa,Referencia,Automatica,ultravioleta,,Fornecer dados,,Coleta Interna,diária,Não,,,,,,Bairro,2018-03-01 00:00:00,,Ativa,
SP,Paulínia-Sta Terezinha,Paulínia,SP0291,SP0291RA003,SO2,003,3536505,35,CETESB,Pública,CETESB,Pública,-22.78021,-47.13904,Fixa,Referencia,Automatica,fluorescência de pulso (ultravioleta),,Fornecer dados,,Coleta Interna,diária,Não,,,,,,Bairro,2018-03-01 00:00:00,,Ativa,
SP,Paulínia-Sta Terezinha,Paulínia,SP0291,SP0291RA004,NO2,004,3536505,35,CETESB,Pública,CETESB,Pública,-22.78021,-47.13904,Fixa,Referencia,Automatica,,,Fornecer dados,,Coleta Interna,diária,Não,,,,,,Bairro,2018-03-01 00:00:00,,Ativa,
SP,Paulínia-Sta Terezinha,Paulínia,SP0291,SP0291RA018,NOX,018,3536505,35,CETESB,Pública,CETESB,Pública,-22.78021,-47.13904,Fixa,Referencia,Automatica,,,Fornecer dados,,Coleta Interna,diária,Não,,,,,,Bairro,2018-03-01 00:00:00,,Ativa,
SP,Paulínia-Sta Terezinha,Paulínia,SP0291,SP0291RA002,MP25,002,3536505,35,CETESB,Pública,CETESB,Pública,-22.78021,-47.13904,Fixa,Referencia,Automatica,radiação Beta,,Fornecer dados,,Coleta Interna,diária,Não,,,,,,Bairro,2018-03-01 00:00:00,,Ativa,
SP,Perus,São Paulo,SP0293,SP0293RA001,MP10,001,3550308,35,CETESB,Pública,CETESB,Pública,-23.41321,-46.756054,Fixa,Referencia,Automático,,,Fornecer dados,,Coleta Interna,diária,Não,,,,,,Bairro,2019-03-01 00:00:00,,Sim,
SP,Perus,São Paulo,SP0293,SP0293RA005,O3,005,3550308,35,CETESB,Pública,CETESB,Pública,-23.41321,-46.756054,Fixa,Referencia,Automático,,,Fornecer dados,,Coleta Interna,diária,Não,,,,,,Bairro,2019-03-01 00:00:00,,Sim,
SP,Perus,São Paulo,SP0293,SP0293RA002,MP25,002,3550308,35,CETESB,Pública,CETESB,Pública,-23.41321,-46.756054,Fixa,Referencia,Automático,,,Fornecer dados,,Coleta Interna,diária,Não,,,,,,Bairro,2019-03-01 00:00:00,,Sim,
SP,Pico do Jaraguá,São Paulo,SP0284,SP0284RA017,NO,017,3550308,35,CETESB,Pública,CETESB,Pública,-23.45627,-46.7661,Fixa,Referencia,Automatica,,,Fornecer dados,,Coleta Interna,diária,Não,,,,,,Urbana,2016-07-01 00:00:00,,Ativa,
SP,Pico do Jaraguá,São Paulo,SP0284,SP0284RA005,O3,005,3550308,35,CETESB,Pública,CETESB,Pública,-23.45627,-46.7661,Fixa,Referencia,Automatica,ultravioleta,,Fornecer dados,,Coleta Interna,diária,Não,,,,,,Urbana,2016-07-01 00:00:00,,Ativa,
SP,Pico do Jaraguá,São Paulo,SP0284,SP0284RA004,NO2,004,3550308,35,CETESB,Pública,CETESB,Pública,-23.45627,-46.7661,Fixa,Referencia,Automatica,,,Fornecer dados,,Coleta Interna,diária,Não,,,,,,Urbana,2016-07-01 00:00:00,,Ativa,
SP,Pico do Jaraguá,São Paulo,SP0284,SP0284RA018,NOX,018,3550308,35,CETESB,Pública,CETESB,Pública,-23.45627,-46.7661,Fixa,Referencia,Automatica,,,Fornecer dados,,Coleta Interna,diária,Não,,,,,,Urbana,2016-07-01 00:00:00,,Ativa,
SP,Pico do Jaraguá,São Paulo,SP0284,SP0284RA002,MP25,002,3550308,35,CETESB,Pública,CETESB,Pública,-23.45627,-46.7661,Fixa,Referencia,Automatica,radiação Beta,,Fornecer dados,,Coleta Interna,diária,Não,,,,,,Urbana,2016-07-01 00:00:00,,Ativa,
SP,Pinheiros,São Paulo,SP0099,SP0099RA001,MP10,001,3550308,35,CETESB,Pública,CETESB,Pública,-23.56146,-46.70202,Fixa,Referencia,Automatica,radiação Beta,,Fornecer dados,,Coleta Interna,diária,Não,,,,,,Micro,1999-09-01 00:00:00,,Ativa,
SP,Pinheiros,São Paulo,SP0099,SP0099RA017,NO,017,3550308,35,CETESB,Pública,CETESB,Pública,-23.56146,-46.70202,Fixa,Referencia,Automatica,,,Fornecer dados,,Coleta Interna,diária,Não,,,,,,Micro,1999-09-01 00:00:00,,Ativa,
SP,Pinheiros,São Paulo,SP0099,SP0099RA010,BENZENO,010,3550308,35,CETESB,Pública,CETESB,Pública,-23.56146,-46.70202,Fixa,Referencia,Automatica,,,Fornecer dados,,Coleta Interna,diária,Não,,,,,,Micro,1999-09-01 00:00:00,,Ativa,
SP,Pinheiros,São Paulo,SP0099,SP0099RA007,CO,007,3550308,35,CETESB,Pública,CETESB,Pública,-23.56146,-46.70202,Fixa,Referencia,Automatica,infravermelho não dispersivo (GFC),,Fornecer dados,,Coleta Interna,diária,Não,,,,,,Micro,1999-09-01 00:00:00,,Ativa,
SP,Pinheiros,São Paulo,SP0099,SP0099RA005,O3,005,3550308,35,CETESB,Pública,CETESB,Pública,-23.56146,-46.70202,Fixa,Referencia,Automatica,ultravioleta,,Fornecer dados,,Coleta Interna,diária,Não,,,,,,Micro,1999-09-01 00:00:00,,Ativa,
SP,Pinheiros,São Paulo,SP0099,SP0099RA004,NO2,004,3550308,35,CETESB,Pública,CETESB,Pública,-23.56146,-46.70202,Fixa,Referencia,Automatica,,,Fornecer dados,,Coleta Interna,diária,Não,,,,,,Micro,1999-09-01 00:00:00,,Ativa,
SP,Pinheiros,São Paulo,SP0099,SP0099RA022,TOLUENO,022,3550308,35,CETESB,Pública,CETESB,Pública,-23.56146,-46.70202,Fixa,Referencia,Automatica,,,Fornecer dados,,Coleta Interna,diária,Não,,,,,,Micro,1999-09-01 00:00:00,,Ativa,
SP,Pinheiros,São Paulo,SP0099,SP0099RA018,NOX,018,3550308,35,CETESB,Pública,CETESB,Pública,-23.56146,-46.70202,Fixa,Referencia,Automatica,,,Fornecer dados,,Coleta Interna,diária,Não,,,,,,Micro,1999-09-01 00:00:00,,Ativa,
SP,Pinheiros,São Paulo,SP0099,SP0099RA002,MP25,002,3550308,35,CETESB,Pública,CETESB,Pública,-23.56146,-46.70202,Fixa,Referencia,Automatica,radiação Beta,,Fornecer dados,,Coleta Interna,diária,Não,,,,,,Micro,1999-09-01 00:00:00,,Ativa,
SP,Pinheiros,São Paulo,SP0099,SP0099RA001,MP10,001,3550308,35,CETESB,Pública,CETESB,Pública,-23.56146,-46.70202,Fixa,Referencia,Automatica,radiação Beta,,Fornecer dados,,Coleta Interna,,Não,,,,,,Micro,1989-01-01 00:00:00,,Ativa,
SP,Pinheiros,São Paulo,SP0099,SP0099RA017,NO,017,3550308,35,CETESB,Pública,CETESB,Pública,-23.56146,-46.70202,Fixa,Referencia,Automatica,,,Fornecer dados,,Coleta Interna,,Não,,,,,,Micro,1989-01-01 00:00:00,,Ativa,
SP,Pinheiros,São Paulo,SP0099,SP0099RA010,BENZENO,010,3550308,35,CETESB,Pública,CETESB,Pública,-23.56146,-46.70202,Fixa,Referencia,Automatica,,,Fornecer dados,,Coleta Interna,,Não,,,,,,Micro,1989-01-01 00:00:00,,Ativa,
SP,Pinheiros,São Paulo,SP0099,SP0099RA007,CO,007,3550308,35,CETESB,Pública,CETESB,Pública,-23.56146,-46.70202,Fixa,Referencia,Automatica,infravermelho não dispersivo (GFC),,Fornecer dados,,Coleta Interna,,Não,,,,,,Micro,1989-01-01 00:00:00,,Ativa,
SP,Pinheiros,São Paulo,SP0099,SP0099RA005,O3,005,3550308,35,CETESB,Pública,CETESB,Pública,-23.56146,-46.70202,Fixa,Referencia,Automatica,ultravioleta,,Fornecer dados,,Coleta Interna,,Não,,,,,,Micro,1989-01-01 00:00:00,,Ativa,
SP,Pinheiros,São Paulo,SP0099,SP0099RA004,NO2,004,3550308,35,CETESB,Pública,CETESB,Pública,-23.56146,-46.70202,Fixa,Referencia,Automatica,,,Fornecer dados,,Coleta Interna,,Não,,,,,,Micro,1989-01-01 00:00:00,,Ativa,
SP,Pinheiros,São Paulo,SP0099,SP0099RA022,TOLUENO,022,3550308,35,CETESB,Pública,CETESB,Pública,-23.56146,-46.70202,Fixa,Referencia,Automatica,,,Fornecer dados,,Coleta Interna,,Não,,,,,,Micro,1989-01-01 00:00:00,,Ativa,
SP,Pinheiros,São Paulo,SP0099,SP0099RA018,NOX,018,3550308,35,CETESB,Pública,CETESB,Pública,-23.56146,-46.70202,Fixa,Referencia,Automatica,,,Fornecer dados,,Coleta Interna,,Não,,,,,,Micro,1989-01-01 00:00:00,,Ativa,
SP,Pinheiros,São Paulo,SP0099,SP0099RA002,MP25,002,3550308,35,CETESB,Pública,CETESB,Pública,-23.56146,-46.70202,Fixa,Referencia,Automatica,radiação Beta,,Fornecer dados,,Coleta Interna,,Não,,,,,,Micro,1989-01-01 00:00:00,,Ativa,
SP,Piracicaba,Piracicaba,SP0113,SP0113RA001,MP10,001,3538709,35,CETESB,Pública,CETESB,Pública,-22.70122,-47.64965,Fixa,Referencia,Automatica,radiação Beta,,Fornecer dados,,Coleta Interna,diária,Não,,,,,,Bairro,2008-09-01 00:00:00,,Ativa,
SP,Piracicaba,Piracicaba,SP0113,SP0113RA017,NO,017,3538709,35,CETESB,Pública,CETESB,Pública,-22.70122,-47.64965,Fixa,Referencia,Automatica,,,Fornecer dados,,Coleta Interna,diária,Não,,,,,,Bairro,2008-09-01 00:00:00,,Ativa,
SP,Piracicaba,Piracicaba,SP0113,SP0113RA005,O3,005,3538709,35,CETESB,Pública,CETESB,Pública,-22.70122,-47.64965,Fixa,Referencia,Automatica,ultravioleta,,Fornecer dados,,Coleta Interna,diária,Não,,,,,,Bairro,2008-09-01 00:00:00,,Ativa,
SP,Piracicaba,Piracicaba,SP0113,SP0113RA004,NO2,004,3538709,35,CETESB,Pública,CETESB,Pública,-22.70122,-47.64965,Fixa,Referencia,Automatica,,,Fornecer dados,,Coleta Interna,diária,Não,,,,,,Bairro,2008-09-01 00:00:00,,Ativa,
SP,Piracicaba,Piracicaba,SP0113,SP0113RA018,NOX,018,3538709,35,CETESB,Pública,CETESB,Pública,-22.70122,-47.64965,Fixa,Referencia,Automatica,,,Fornecer dados,,Coleta Interna,diária,Não,,,,,,Bairro,2008-09-01 00:00:00,,Ativa,
SP,Piracicaba,Piracicaba,SP0113,SP0113RA002,MP25,002,3538709,35,CETESB,Pública,CETESB,Pública,-22.70122,-47.64965,Fixa,Referencia,Automatica,radiação Beta,,Fornecer dados,,Coleta Interna,diária,Não,,,,,,Bairro,2008-09-01 00:00:00,,Ativa,
SP,Pirassununga-EM,Pirassununga,SP0268,SP0268RA001,MP10,001,3539301,35,CETESB,Pública,CETESB,Pública,-22.0077128820604,-47.4275644904782,,Referencia,Automatica,radiação Beta,,Fornecer dados,,Coleta Interna,,,,,,,,,,,,
SP,Pirassununga-EM,Pirassununga,SP0268,SP0268RA017,NO,017,3539301,35,CETESB,Pública,CETESB,Pública,-22.0077128820604,-47.4275644904782,,Referencia,Automatica,,,Fornecer dados,,Coleta Interna,,,,,,,,,,,,
SP,Pirassununga-EM,Pirassununga,SP0268,SP0268RA005,O3,005,3539301,35,CETESB,Pública,CETESB,Pública,-22.0077128820604,-47.4275644904782,,Referencia,Automatica,ultravioleta,,Fornecer dados,,Coleta Interna,,,,,,,,,,,,
SP,Pirassununga-EM,Pirassununga,SP0268,SP0268RA004,NO2,004,3539301,35,CETESB,Pública,CETESB,Pública,-22.0077128820604,-47.4275644904782,,Referencia,Automatica,,,Fornecer dados,,Coleta Interna,,,,,,,,,,,,
SP,Pirassununga-EM,Pirassununga,SP0268,SP0268RA018,NOX,018,3539301,35,CETESB,Pública,CETESB,Pública,-22.0077128820604,-47.4275644904782,,Referencia,Automatica,,,Fornecer dados,,Coleta Interna,,,,,,,,,,,,
SP,Presidente Prudente,Presidente Prudente,SP0114,SP0114RA001,MP10,001,3541406,35,CETESB,Pública,CETESB,Pública,-22.11994,-51.40878,Fixa,Referencia,Automatica,radiação Beta,,Fornecer dados,,Coleta Interna,diária,Não,,,,,,Urbana,2008-05-01 00:00:00,,Ativa,
SP,Presidente Prudente,Presidente Prudente,SP0114,SP0114RA017,NO,017,3541406,35,CETESB,Pública,CETESB,Pública,-22.11994,-51.40878,Fixa,Referencia,Automatica,,,Fornecer dados,,Coleta Interna,diária,Não,,,,,,Urbana,2008-05-01 00:00:00,,Ativa,
SP,Presidente Prudente,Presidente Prudente,SP0114,SP0114RA005,O3,005,3541406,35,CETESB,Pública,CETESB,Pública,-22.11994,-51.40878,Fixa,Referencia,Automatica,ultravioleta,,Fornecer dados,,Coleta Interna,diária,Não,,,,,,Urbana,2008-05-01 00:00:00,,Ativa,
SP,Presidente Prudente,Presidente Prudente,SP0114,SP0114RA004,NO2,004,3541406,35,CETESB,Pública,CETESB,Pública,-22.11994,-51.40878,Fixa,Referencia,Automatica,,,Fornecer dados,,Coleta Interna,diária,Não,,,,,,Urbana,2008-05-01 00:00:00,,Ativa,
SP,Presidente Prudente,Presidente Prudente,SP0114,SP0114RA018,NOX,018,3541406,35,CETESB,Pública,CETESB,Pública,-22.11994,-51.40878,Fixa,Referencia,Automatica,,,Fornecer dados,,Coleta Interna,diária,Não,,,,,,Urbana,2008-05-01 00:00:00,,Ativa,
SP,Presidente Prudente,Presidente Prudente,SP0114,SP0114RA002,MP25,002,3541406,35,CETESB,Pública,CETESB,Pública,-22.11994,-51.40878,Fixa,Referencia,Automatica,radiação Beta,,Fornecer dados,,Coleta Interna,diária,Não,,,,,,Urbana,2008-05-01 00:00:00,,Ativa,
SP,Ribeirão Preto,Ribeirão Preto,SP0288,SP0288RA001,MP10,001,3543402,35,CETESB,Pública,CETESB,Pública,-21.17707,-47.81899,Fixa,Referencia,Automatica,radiação Beta,,Fornecer dados,,Coleta Interna,diária,Não,,,,,,Bairro,2016-12-01 00:00:00,,Ativa,
SP,Ribeirão Preto,Ribeirão Preto,SP0288,SP0288RA017,NO,017,3543402,35,CETESB,Pública,CETESB,Pública,-21.17707,-47.81899,Fixa,Referencia,Automatica,,,Fornecer dados,,Coleta Interna,diária,Não,,,,,,Bairro,2016-12-01 00:00:00,,Ativa,
SP,Ribeirão Preto,Ribeirão Preto,SP0288,SP0288RA007,CO,007,3543402,35,CETESB,Pública,CETESB,Pública,-21.17707,-47.81899,Fixa,Referencia,Automatica,infravermelho não dispersivo (GFC),,Fornecer dados,,Coleta Interna,diária,Não,,,,,,Bairro,2016-12-01 00:00:00,,Ativa,
SP,Ribeirão Preto,Ribeirão Preto,SP0288,SP0288RA005,O3,005,3543402,35,CETESB,Pública,CETESB,Pública,-21.17707,-47.81899,Fixa,Referencia,Automatica,ultravioleta,,Fornecer dados,,Coleta Interna,diária,Não,,,,,,Bairro,2016-12-01 00:00:00,,Ativa,
SP,Ribeirão Preto,Ribeirão Preto,SP0288,SP0288RA004,NO2,004,3543402,35,CETESB,Pública,CETESB,Pública,-21.17707,-47.81899,Fixa,Referencia,Automatica,,,Fornecer dados,,Coleta Interna,diária,Não,,,,,,Bairro,2016-12-01 00:00:00,,Ativa,
SP,Ribeirão Preto,Ribeirão Preto,SP0288,SP0288RA018,NOX,018,3543402,35,CETESB,Pública,CETESB,Pública,-21.17707,-47.81899,Fixa,Referencia,Automatica,,,Fornecer dados,,Coleta Interna,diária,Não,,,,,,Bairro,2016-12-01 00:00:00,,Ativa,
SP,Ribeirão Preto,Ribeirão Preto,SP0288,SP0288RA002,MP25,002,3543402,35,CETESB,Pública,CETESB,Pública,-21.17707,-47.81899,Fixa,Referencia,Automatica,radiação Beta,,Fornecer dados,,Coleta Interna,diária,Não,,,,,,Bairro,2016-12-01 00:00:00,,Ativa,
SP,Rio Claro-Jd.Guanabara,Rio Claro,SP0292,SP0292RA001,MP10,001,3543907,35,CETESB,Pública,CETESB,Pública,-22.43906,-47.58144,Fixa,Referencia,Automatica,radiação Beta,,Fornecer dados,,Coleta Interna,diária,Não,,,,,,Urbana,2019-02-01 00:00:00,,Ativa,
SP,Rio Claro-Jd.Guanabara,Rio Claro,SP0292,SP0292RA005,O3,005,3543907,35,CETESB,Pública,CETESB,Pública,-22.43906,-47.58144,Fixa,Referencia,Automatica,ultravioleta,,Fornecer dados,,Coleta Interna,diária,Não,,,,,,Urbana,2019-02-01 00:00:00,,Ativa,
SP,Rio Claro-Jd.Guanabara,Rio Claro,SP0292,SP0292RA002,MP25,002,3543907,35,CETESB,Pública,CETESB,Pública,-22.43906,-47.58144,Fixa,Referencia,Automatica,radiação Beta,,Fornecer dados,,Coleta Interna,diária,Não,,,,,,Urbana,2019-02-01 00:00:00,,Ativa,
SP,Rio Claro-Jd.Guanabara,Rio Claro,SP0292,SP0292RA001,MP10,001,3543907,35,CETESB,Pública,CETESB,Pública,-22.43906,-47.58144,Fixa,Referencia,Automatica,radiação Beta,,Fornecer dados,,Coleta Interna,diária,Não,,,,,,Urbana,2019-02-01 00:00:00,,Ativa,
SP,Rio Claro-Jd.Guanabara,Rio Claro,SP0292,SP0292RA005,O3,005,3543907,35,CETESB,Pública,CETESB,Pública,-22.43906,-47.58144,Fixa,Referencia,Automatica,ultravioleta,,Fornecer dados,,Coleta Interna,diária,Não,,,,,,Urbana,2019-02-01 00:00:00,,Ativa,
SP,Rio Claro-Jd.Guanabara,Rio Claro,SP0292,SP0292RA002,MP25,002,3543907,35,CETESB,Pública,CETESB,Pública,-22.43906,-47.58144,Fixa,Referencia,Automatica,radiação Beta,,Fornecer dados,,Coleta Interna,diária,Não,,,,,,Urbana,2019-02-01 00:00:00,,Ativa,
SP,S.André Capuava,Santo André,SP0100,SP0100RA001,MP10,001,3547809,35,CETESB,Pública,CETESB,Pública,-23.6398,-46.49164,Fixa,Referencia,Automatica,radiação Beta,,Fornecer dados,,Coleta Interna,diária,Não,,,,,,Bairro,1981,,Ativa,
SP,S.André Capuava,Santo André,SP0100,SP0100RA017,NO,017,3547809,35,CETESB,Pública,CETESB,Pública,-23.6398,-46.49164,Fixa,Referencia,Automatica,,,Fornecer dados,,Coleta Interna,diária,Não,,,,,,Bairro,1981,,Ativa,
SP,S.André Capuava,Santo André,SP0100,SP0100RA010,BENZENO,010,3547809,35,CETESB,Pública,CETESB,Pública,-23.6398,-46.49164,Fixa,Referencia,Automatica,,,Fornecer dados,,Coleta Interna,diária,Não,,,,,,Bairro,1981,,Ativa,
SP,S.André Capuava,Santo André,SP0100,SP0100RA005,O3,005,3547809,35,CETESB,Pública,CETESB,Pública,-23.6398,-46.49164,Fixa,Referencia,Automatica,ultravioleta,,Fornecer dados,,Coleta Interna,diária,Não,,,,,,Bairro,1981,,Ativa,
SP,S.André Capuava,Santo André,SP0100,SP0100RA003,SO2,003,3547809,35,CETESB,Pública,CETESB,Pública,-23.6398,-46.49164,Fixa,Referencia,Automatica,fluorescência de pulso (ultravioleta),,Fornecer dados,,Coleta Interna,diária,Não,,,,,,Bairro,1981,,Ativa,
SP,S.André Capuava,Santo André,SP0100,SP0100RA004,NO2,004,3547809,35,CETESB,Pública,CETESB,Pública,-23.6398,-46.49164,Fixa,Referencia,Automatica,,,Fornecer dados,,Coleta Interna,diária,Não,,,,,,Bairro,1981,,Ativa,
SP,S.André Capuava,Santo André,SP0100,SP0100RA022,TOLUENO,022,3547809,35,CETESB,Pública,CETESB,Pública,-23.6398,-46.49164,Fixa,Referencia,Automatica,,,Fornecer dados,,Coleta Interna,diária,Não,,,,,,Bairro,1981,,Ativa,
SP,S.André Capuava,Santo André,SP0100,SP0100RA018,NOX,018,3547809,35,CETESB,Pública,CETESB,Pública,-23.6398,-46.49164,Fixa,Referencia,Automatica,,,Fornecer dados,,Coleta Interna,diária,Não,,,,,,Bairro,1981,,Ativa,
SP,S.André Capuava,Santo André,SP0100,SP0100RA001,MP10,001,3547809,35,CETESB,Pública,CETESB,Pública,-23.6398,-46.49164,Fixa,Referencia,Automatica,radiação Beta,,Fornecer dados,,Coleta Interna,diária,Não,,,,,,Bairro,1981,,Ativa,
SP,S.André Capuava,Santo André,SP0100,SP0100RA017,NO,017,3547809,35,CETESB,Pública,CETESB,Pública,-23.6398,-46.49164,Fixa,Referencia,Automatica,,,Fornecer dados,,Coleta Interna,diária,Não,,,,,,Bairro,1981,,Ativa,
SP,S.André Capuava,Santo André,SP0100,SP0100RA010,BENZENO,010,3547809,35,CETESB,Pública,CETESB,Pública,-23.6398,-46.49164,Fixa,Referencia,Automatica,,,Fornecer dados,,Coleta Interna,diária,Não,,,,,,Bairro,1981,,Ativa,
SP,S.André Capuava,Santo André,SP0100,SP0100RA005,O3,005,3547809,35,CETESB,Pública,CETESB,Pública,-23.6398,-46.49164,Fixa,Referencia,Automatica,ultravioleta,,Fornecer dados,,Coleta Interna,diária,Não,,,,,,Bairro,1981,,Ativa,
SP,S.André Capuava,Santo André,SP0100,SP0100RA003,SO2,003,3547809,35,CETESB,Pública,CETESB,Pública,-23.6398,-46.49164,Fixa,Referencia,Automatica,fluorescência de pulso (ultravioleta),,Fornecer dados,,Coleta Interna,diária,Não,,,,,,Bairro,1981,,Ativa,
SP,S.André Capuava,Santo André,SP0100,SP0100RA004,NO2,004,3547809,35,CETESB,Pública,CETESB,Pública,-23.6398,-46.49164,Fixa,Referencia,Automatica,,,Fornecer dados,,Coleta Interna,diária,Não,,,,,,Bairro,1981,,Ativa,
SP,S.André Capuava,Santo André,SP0100,SP0100RA022,TOLUENO,022,3547809,35,CETESB,Pública,CETESB,Pública,-23.6398,-46.49164,Fixa,Referencia,Automatica,,,Fornecer dados,,Coleta Interna,diária,Não,,,,,,Bairro,1981,,Ativa,
SP,S.André Capuava,Santo André,SP0100,SP0100RA018,NOX,018,3547809,35,CETESB,Pública,CETESB,Pública,-23.6398,-46.49164,Fixa,Referencia,Automatica,,,Fornecer dados,,Coleta Interna,diária,Não,,,,,,Bairro,1981,,Ativa,
SP,S.André-Centro,Santo André,SP0101,SP0101RA001,MP10,001,2513851,35,CETESB,Pública,CETESB,Pública,-23.6569942005047,-46.5309187564792,,Referencia,Automatica,radiação Beta,,Fornecer dados,,Coleta Interna,,,,,,,,,,,,
SP,S.André-Centro,Santo André,SP0101,SP0101RA007,CO,007,2513851,35,CETESB,Pública,CETESB,Pública,-23.6569942005047,-46.5309187564792,,Referencia,Automatica,infravermelho não dispersivo (GFC),,Fornecer dados,,Coleta Interna,,,,,,,,,,,,
SP,S.André-Centro,Santo André,SP0101,SP0101RA001,MP10,001,3547809,35,CETESB,Pública,CETESB,Pública,-23.6569942005047,-46.5309187564792,,Referencia,Automatica,radiação Beta,,Fornecer dados,,Coleta Interna,,,,,,,,,,,,
SP,S.André-Centro,Santo André,SP0101,SP0101RA007,CO,007,3547809,35,CETESB,Pública,CETESB,Pública,-23.6569942005047,-46.5309187564792,,Referencia,Automatica,infravermelho não dispersivo (GFC),,Fornecer dados,,Coleta Interna,,,,,,,,,,,,
SP,S.André-Paço Municipal,Santo André,SP0254,SP0254RA001,MP10,001,2513851,35,CETESB,Pública,CETESB,Pública,-23.6569942005047,-46.5309187564792,,Referencia,Automatica,radiação Beta,,Fornecer dados,,Coleta Interna,,,,,,,,,,,,
SP,S.André-Paço Municipal,Santo André,SP0254,SP0254RA007,CO,007,2513851,35,CETESB,Pública,CETESB,Pública,-23.6569942005047,-46.5309187564792,,Referencia,Automatica,infravermelho não dispersivo (GFC),,Fornecer dados,,Coleta Interna,,,,,,,,,,,,
SP,S.André-Paço Municipal,Santo André,SP0254,SP0254RA001,MP10,001,3547809,35,CETESB,Pública,CETESB,Pública,-23.6569942005047,-46.5309187564792,,Referencia,Automatica,radiação Beta,,Fornecer dados,,Coleta Interna,,,,,,,,,,,,
SP,S.André-Paço Municipal,Santo André,SP0254,SP0254RA007,CO,007,3547809,35,CETESB,Pública,CETESB,Pública,-23.6569942005047,-46.5309187564792,,Referencia,Automatica,infravermelho não dispersivo (GFC),,Fornecer dados,,Coleta Interna,,,,,,,,,,,,
SP,S.Bernardo-Centro,São Bernardo do Campo,SP0272,SP0272RA017,NO,017,3548708,35,CETESB,Pública,CETESB,Pública,-23.69867,-46.54623,Fixa,Referencia,Automatica,,,Fornecer dados,,Coleta Interna,diária,Não,,,,,,Bairro,2014-04-01 00:00:00,,Ativa,
SP,S.Bernardo-Centro,São Bernardo do Campo,SP0272,SP0272RA007,CO,007,3548708,35,CETESB,Pública,CETESB,Pública,-23.69867,-46.54623,Fixa,Referencia,Automatica,infravermelho não dispersivo (GFC),,Fornecer dados,,Coleta Interna,diária,Não,,,,,,Bairro,2014-04-01 00:00:00,,Ativa,
SP,S.Bernardo-Centro,São Bernardo do Campo,SP0272,SP0272RA005,O3,005,3548708,35,CETESB,Pública,CETESB,Pública,-23.69867,-46.54623,Fixa,Referencia,Automatica,ultravioleta,,Fornecer dados,,Coleta Interna,diária,Não,,,,,,Bairro,2014-04-01 00:00:00,,Ativa,
SP,S.Bernardo-Centro,São Bernardo do Campo,SP0272,SP0272RA004,NO2,004,3548708,35,CETESB,Pública,CETESB,Pública,-23.69867,-46.54623,Fixa,Referencia,Automatica,,,Fornecer dados,,Coleta Interna,diária,Não,,,,,,Bairro,2014-04-01 00:00:00,,Ativa,
SP,S.Bernardo-Centro,São Bernardo do Campo,SP0272,SP0272RA018,NOX,018,3548708,35,CETESB,Pública,CETESB,Pública,-23.69867,-46.54623,Fixa,Referencia,Automatica,,,Fornecer dados,,Coleta Interna,diária,Não,,,,,,Bairro,2014-04-01 00:00:00,,Ativa,
SP,S.Bernardo-Centro,São Bernardo do Campo,SP0272,SP0272RA002,MP25,002,3548708,35,CETESB,Pública,CETESB,Pública,-23.69867,-46.54623,Fixa,Referencia,Automatica,radiação Beta,,Fornecer dados,,Coleta Interna,diária,Não,,,,,,Bairro,2014-04-01 00:00:00,,Ativa,
SP,S.José Campos,São José dos Campos,SP0088,SP0088RA001,MP10,001,3549904,35,CETESB,Pública,CETESB,Pública,-23.18789,-45.8712,Fixa,Referencia,Automatica,radiação Beta,,Fornecer dados,,Coleta Interna,diária,Não,,,,,,Bairro,2000-05-01 00:00:00,,Ativa,
SP,S.José Campos,São José dos Campos,SP0088,SP0088RA017,NO,017,3549904,35,CETESB,Pública,CETESB,Pública,-23.18789,-45.8712,Fixa,Referencia,Automatica,,,Fornecer dados,,Coleta Interna,diária,Não,,,,,,Bairro,2000-05-01 00:00:00,,Ativa,
SP,S.José Campos,São José dos Campos,SP0088,SP0088RA010,BENZENO,010,3549904,35,CETESB,Pública,CETESB,Pública,-23.18789,-45.8712,Fixa,Referencia,Automatica,,,Fornecer dados,,Coleta Interna,diária,Não,,,,,,Bairro,2000-05-01 00:00:00,,Ativa,
SP,S.José Campos,São José dos Campos,SP0088,SP0088RA007,CO,007,3549904,35,CETESB,Pública,CETESB,Pública,-23.18789,-45.8712,Fixa,Referencia,Automatica,infravermelho não dispersivo (GFC),,Fornecer dados,,Coleta Interna,diária,Não,,,,,,Bairro,2000-05-01 00:00:00,,Ativa,
SP,S.José Campos,São José dos Campos,SP0088,SP0088RA005,O3,005,3549904,35,CETESB,Pública,CETESB,Pública,-23.18789,-45.8712,Fixa,Referencia,Automatica,ultravioleta,,Fornecer dados,,Coleta Interna,diária,Não,,,,,,Bairro,2000-05-01 00:00:00,,Ativa,
SP,S.José Campos,São José dos Campos,SP0088,SP0088RA003,SO2,003,3549904,35,CETESB,Pública,CETESB,Pública,-23.18789,-45.8712,Fixa,Referencia,Automatica,fluorescência de pulso (ultravioleta),,Fornecer dados,,Coleta Interna,diária,Não,,,,,,Bairro,2000-05-01 00:00:00,,Ativa,
SP,S.José Campos,São José dos Campos,SP0088,SP0088RA004,NO2,004,3549904,35,CETESB,Pública,CETESB,Pública,-23.18789,-45.8712,Fixa,Referencia,Automatica,,,Fornecer dados,,Coleta Interna,diária,Não,,,,,,Bairro,2000-05-01 00:00:00,,Ativa,
SP,S.José Campos,São José dos Campos,SP0088,SP0088RA022,TOLUENO,022,3549904,35,CETESB,Pública,CETESB,Pública,-23.18789,-45.8712,Fixa,Referencia,Automatica,,,Fornecer dados,,Coleta Interna,diária,Não,,,,,,Bairro,2000-05-01 00:00:00,,Ativa,
SP,S.José Campos,São José dos Campos,SP0088,SP0088RA018,NOX,018,3549904,35,CETESB,Pública,CETESB,Pública,-23.18789,-45.8712,Fixa,Referencia,Automatica,,,Fornecer dados,,Coleta Interna,diária,Não,,,,,,Bairro,2000-05-01 00:00:00,,Ativa,
SP,S.José Campos-Jd.Satélite,São José dos Campos,SP0277,SP0277RA001,MP10,001,3549904,35,CETESB,Pública,CETESB,Pública,-23.22365,-45.8908,Fixa,Referencia,Automatica,radiação Beta,,Fornecer dados,,Coleta Interna,diária,Não,,,,,,Bairro,2015-06-01 00:00:00,,Ativa,
SP,S.José Campos-Jd.Satélite,São José dos Campos,SP0277,SP0277RA017,NO,017,3549904,35,CETESB,Pública,CETESB,Pública,-23.22365,-45.8908,Fixa,Referencia,Automatica,,,Fornecer dados,,Coleta Interna,diária,Não,,,,,,Bairro,2015-06-01 00:00:00,,Ativa,
SP,S.José Campos-Jd.Satélite,São José dos Campos,SP0277,SP0277RA007,CO,007,3549904,35,CETESB,Pública,CETESB,Pública,-23.22365,-45.8908,Fixa,Referencia,Automatica,infravermelho não dispersivo (GFC),,Fornecer dados,,Coleta Interna,diária,Não,,,,,,Bairro,2015-06-01 00:00:00,,Ativa,
SP,S.José Campos-Jd.Satélite,São José dos Campos,SP0277,SP0277RA005,O3,005,3549904,35,CETESB,Pública,CETESB,Pública,-23.22365,-45.8908,Fixa,Referencia,Automatica,ultravioleta,,Fornecer dados,,Coleta Interna,diária,Não,,,,,,Bairro,2015-06-01 00:00:00,,Ativa,
SP,S.José Campos-Jd.Satélite,São José dos Campos,SP0277,SP0277RA004,NO2,004,3549904,35,CETESB,Pública,CETESB,Pública,-23.22365,-45.8908,Fixa,Referencia,Automatica,,,Fornecer dados,,Coleta Interna,diária,Não,,,,,,Bairro,2015-06-01 00:00:00,,Ativa,
SP,S.José Campos-Jd.Satélite,São José dos Campos,SP0277,SP0277RA018,NOX,018,3549904,35,CETESB,Pública,CETESB,Pública,-23.22365,-45.8908,Fixa,Referencia,Automatica,,,Fornecer dados,,Coleta Interna,diária,Não,,,,,,Bairro,2015-06-01 00:00:00,,Ativa,
SP,S.José Campos-Jd.Satélite,São José dos Campos,SP0277,SP0277RA002,MP25,002,3549904,35,CETESB,Pública,CETESB,Pública,-23.22365,-45.8908,Fixa,Referencia,Automatica,radiação Beta,,Fornecer dados,,Coleta Interna,diária,Não,,,,,,Bairro,2015-06-01 00:00:00,,Ativa,
SP,S.José Campos-Vista Verde,São José dos Campos,SP0278,SP0278RA010,BENZENO,010,3549904,35,CETESB,Pública,CETESB,Pública,-23.1837,-45.8309,Fixa,Referencia,Automatica,,,Fornecer dados,,Coleta Interna,diária,Não,,,,,,Bairro,2015-06-01 00:00:00,,Ativa,
SP,S.José Campos-Vista Verde,São José dos Campos,SP0278,SP0278RA022,TOLUENO,022,3549904,35,CETESB,Pública,CETESB,Pública,-23.1837,-45.8309,Fixa,Referencia,Automatica,,,Fornecer dados,,Coleta Interna,diária,Não,,,,,,Bairro,2015-06-01 00:00:00,,Ativa,
SP,Salto - Centro,Salto,SP1011,SP1011RM006,FMC,006,3545209,35,CETESB,Pública,CETESB,Pública,-23.204978,-47.290001,Fixa,Referencia,Manual,,,Fornecer dados,,Coleta Interna,,Não,,,Nao,,,Bairro,2010-03-01 00:00:00,,Sim,
SP,Salto - Centro,Salto,SP1011,SP1011RM003,SO2,003,3545209,35,CETESB,Pública,CETESB,Pública,-23.204978,-47.290001,Fixa,Referencia,Manual,cromatografia iônica / amostrador passivo,,Fornecer dados,,Coleta Interna,,Não,,,Nao,,,Bairro,2010-03-01 00:00:00,,Sim,
SP,Santa Gertrudes,Santa Gertrudes,SP0273,SP0273RA001,MP10,001,3546702,35,CETESB,Pública,CETESB,Pública,-22.45996,-47.5363,Fixa,Referencia,Automatica,radiação Beta,,Fornecer dados,,Coleta Interna,diária,Não,,,,,,Bairro,2014-07-01 00:00:00,,Ativa,
SP,Santa Gertrudes,Santa Gertrudes,SP0273,SP0273RA017,NO,017,3546702,35,CETESB,Pública,CETESB,Pública,-22.45996,-47.5363,Fixa,Referencia,Automatica,,,Fornecer dados,,Coleta Interna,diária,Não,,,,,,Bairro,2014-07-01 00:00:00,,Ativa,
SP,Santa Gertrudes,Santa Gertrudes,SP0273,SP0273RA004,NO2,004,3546702,35,CETESB,Pública,CETESB,Pública,-22.45996,-47.5363,Fixa,Referencia,Automatica,,,Fornecer dados,,Coleta Interna,diária,Não,,,,,,Bairro,2014-07-01 00:00:00,,Ativa,
SP,Santa Gertrudes,Santa Gertrudes,SP0273,SP0273RA018,NOX,018,3546702,35,CETESB,Pública,CETESB,Pública,-22.45996,-47.5363,Fixa,Referencia,Automatica,,,Fornecer dados,,Coleta Interna,diária,Não,,,,,,Bairro,2014-07-01 00:00:00,,Ativa,
SP,Santa Gertrudes,Santa Gertrudes,SP0273,SP0273RA002,MP25,002,3546702,35,CETESB,Pública,CETESB,Pública,-22.45996,-47.5363,Fixa,Referencia,Automatica,radiação Beta,,Fornecer dados,,Coleta Interna,diária,Não,,,,,,Bairro,2014-07-01 00:00:00,,Ativa,
SP,Santa Gertrudes - Jd. Luciana,Santa Gertrudes,SP1012,SP1012RM001,MP10,001,3546702,35,CETESB,Pública,CETESB,Pública,-22.459625,-47.533264,Fixa,Referencia,Manual,gravimétrico / amostrador de grandes volumes acoplado a um separador inercial/impactação,,Fornecer dados,,Coleta Interna,,Não,,,Nao,,,Média,2007-06-01 00:00:00,,Sim,
SP,Santana,São Paulo,SP0063,SP0063RA001,MP10,001,3550308,35,CETESB,Pública,CETESB,Pública,-23.50599,-46.62896,Fixa,Referencia,Automatica,radiação Beta,,Fornecer dados,,Coleta Interna,diária,Não,,,,,,Media,1981,,Ativa,
SP,Santana,São Paulo,SP0063,SP0063RA005,O3,005,3550308,35,CETESB,Pública,CETESB,Pública,-23.50599,-46.62896,Fixa,Referencia,Automatica,ultravioleta,,Fornecer dados,,Coleta Interna,diária,Não,,,,,,Media,1981,,Ativa,
SP,Santana,São Paulo,SP0063,SP0063RA002,MP25,002,3550308,35,CETESB,Pública,CETESB,Pública,-23.50599,-46.62896,Fixa,Referencia,Automatica,radiação Beta,,Fornecer dados,,Coleta Interna,diária,Não,,,,,,Media,1981,,Ativa,
SP,Santo Amaro,São Paulo,SP0064,SP0064RA001,MP10,001,3550308,35,CETESB,Pública,CETESB,Pública,-23.65498,-46.71,Fixa,Referencia,Automatica,radiação Beta,,Fornecer dados,,Coleta Interna,diária,Não,,,,,,Media,1981,,Ativa,
SP,Santo Amaro,São Paulo,SP0064,SP0064RA007,CO,007,3550308,35,CETESB,Pública,CETESB,Pública,-23.65498,-46.71,Fixa,Referencia,Automatica,infravermelho não dispersivo (GFC),,Fornecer dados,,Coleta Interna,diária,Não,,,,,,Media,1981,,Ativa,
SP,Santo Amaro,São Paulo,SP0064,SP0064RA005,O3,005,3550308,35,CETESB,Pública,CETESB,Pública,-23.65498,-46.71,Fixa,Referencia,Automatica,ultravioleta,,Fornecer dados,,Coleta Interna,diária,Não,,,,,,Media,1981,,Ativa,
SP,Santo Amaro,São Paulo,SP0064,SP0064RA002,MP25,002,3550308,35,CETESB,Pública,CETESB,Pública,-23.65498,-46.71,Fixa,Referencia,Automatica,radiação Beta,,Fornecer dados,,Coleta Interna,diária,Não,,,,,,Media,1981,,Ativa,
SP,Santo Amaro,São Paulo,SP0064,SP0064RA001,MP10,001,3550308,35,CETESB,Pública,CETESB,Pública,-23.65498,-46.71,Fixa,Referencia,Automatica,radiação Beta,,Fornecer dados,,Coleta Interna,,Não,,,,,,Média,1989-01-01 00:00:00,,Ativa,
SP,Santo Amaro,São Paulo,SP0064,SP0064RA007,CO,007,3550308,35,CETESB,Pública,CETESB,Pública,-23.65498,-46.71,Fixa,Referencia,Automatica,infravermelho não dispersivo (GFC),,Fornecer dados,,Coleta Interna,,Não,,,,,,Média,1989-01-01 00:00:00,,Ativa,
SP,Santo Amaro,São Paulo,SP0064,SP0064RA005,O3,005,3550308,35,CETESB,Pública,CETESB,Pública,-23.65498,-46.71,Fixa,Referencia,Automatica,ultravioleta,,Fornecer dados,,Coleta Interna,,Não,,,,,,Média,1989-01-01 00:00:00,,Ativa,
SP,Santo Amaro,São Paulo,SP0064,SP0064RA002,MP25,002,3550308,35,CETESB,Pública,CETESB,Pública,-23.65498,-46.71,Fixa,Referencia,Automatica,radiação Beta,,Fornecer dados,,Coleta Interna,,Não,,,,,,Média,1989-01-01 00:00:00,,Ativa,
SP,Santo André - Capuava,Santo André,SP1013,SP1013RM002,MP25,002,2513851,35,CETESB,Pública,CETESB,Pública,-23.639798,-46.491627,Fixa,Referencia,Manual,gravimétrico / impactação virtual (dicotômico)/impactação e ciclone,,Fornecer dados,,Coleta Interna,,Não,,,Nao,,,Bairro,1986-01-01 00:00:00,,Sim,
SP,Santo André - Capuava,Santo André,SP1013,SP1013RM008,PTS,008,2513851,35,CETESB,Pública,CETESB,Pública,-23.639798,-46.491627,Fixa,Referencia,Manual,gravimétrico / amostrador de grandes volumes,,Fornecer dados,,Coleta Interna,,Não,,,Nao,,,Bairro,1986-01-01 00:00:00,,Sim,
SP,Santo André - Capuava,Santo André,SP1013,SP1013RM002,MP25,002,3547809,35,CETESB,Pública,CETESB,Pública,-23.639798,-46.491627,Fixa,Referencia,Manual,gravimétrico / impactação virtual (dicotômico)/impactação e ciclone,,Fornecer dados,,Coleta Interna,,Não,,,Nao,,,Bairro,1986-01-01 00:00:00,,Sim,
SP,Santo André - Capuava,Santo André,SP1013,SP1013RM008,PTS,008,3547809,35,CETESB,Pública,CETESB,Pública,-23.639798,-46.491627,Fixa,Referencia,Manual,gravimétrico / amostrador de grandes volumes,,Fornecer dados,,Coleta Interna,,Não,,,Nao,,,Bairro,1986-01-01 00:00:00,,Sim,
SP,Santos,Santos,SP0258,SP0258RA001,MP10,001,3548500,35,CETESB,Pública,CETESB,Pública,-23.96306,-46.32117,Fixa,Referencia,Automatica,radiação Beta,,Fornecer dados,,Coleta Interna,diária,Não,,,,,,Bairro,2011-06-01 00:00:00,,Ativa,
SP,Santos,Santos,SP0258,SP0258RA017,NO,017,3548500,35,CETESB,Pública,CETESB,Pública,-23.96306,-46.32117,Fixa,Referencia,Automatica,,,Fornecer dados,,Coleta Interna,diária,Não,,,,,,Bairro,2011-06-01 00:00:00,,Ativa,
SP,Santos,Santos,SP0258,SP0258RA005,O3,005,3548500,35,CETESB,Pública,CETESB,Pública,-23.96306,-46.32117,Fixa,Referencia,Automatica,ultravioleta,,Fornecer dados,,Coleta Interna,diária,Não,,,,,,Bairro,2011-06-01 00:00:00,,Ativa,
SP,Santos,Santos,SP0258,SP0258RA004,NO2,004,3548500,35,CETESB,Pública,CETESB,Pública,-23.96306,-46.32117,Fixa,Referencia,Automatica,,,Fornecer dados,,Coleta Interna,diária,Não,,,,,,Bairro,2011-06-01 00:00:00,,Ativa,
SP,Santos,Santos,SP0258,SP0258RA018,NOX,018,3548500,35,CETESB,Pública,CETESB,Pública,-23.96306,-46.32117,Fixa,Referencia,Automatica,,,Fornecer dados,,Coleta Interna,diária,Não,,,,,,Bairro,2011-06-01 00:00:00,,Ativa,
SP,Santos-Ponta da Praia,Santos,SP0260,SP0260RA001,MP10,001,3548500,35,CETESB,Pública,CETESB,Pública,-23.9813,-46.30051,Fixa,Referencia,Automatica,radiação Beta,,Fornecer dados,,Coleta Interna,diária,Não,,,,,,Bairro,2011-11-01 00:00:00,,Ativa,
SP,Santos-Ponta da Praia,Santos,SP0260,SP0260RA017,NO,017,3548500,35,CETESB,Pública,CETESB,Pública,-23.9813,-46.30051,Fixa,Referencia,Automatica,,,Fornecer dados,,Coleta Interna,diária,Não,,,,,,Bairro,2011-11-01 00:00:00,,Ativa,
SP,Santos-Ponta da Praia,Santos,SP0260,SP0260RA005,O3,005,3548500,35,CETESB,Pública,CETESB,Pública,-23.9813,-46.30051,Fixa,Referencia,Automatica,ultravioleta,,Fornecer dados,,Coleta Interna,diária,Não,,,,,,Bairro,2011-11-01 00:00:00,,Ativa,
SP,Santos-Ponta da Praia,Santos,SP0260,SP0260RA003,SO2,003,3548500,35,CETESB,Pública,CETESB,Pública,-23.9813,-46.30051,Fixa,Referencia,Automatica,fluorescência de pulso (ultravioleta),,Fornecer dados,,Coleta Interna,diária,Não,,,,,,Bairro,2011-11-01 00:00:00,,Ativa,
SP,Santos-Ponta da Praia,Santos,SP0260,SP0260RA004,NO2,004,3548500,35,CETESB,Pública,CETESB,Pública,-23.9813,-46.30051,Fixa,Referencia,Automatica,,,Fornecer dados,,Coleta Interna,diária,Não,,,,,,Bairro,2011-11-01 00:00:00,,Ativa,
SP,Santos-Ponta da Praia,Santos,SP0260,SP0260RA018,NOX,018,3548500,35,CETESB,Pública,CETESB,Pública,-23.9813,-46.30051,Fixa,Referencia,Automatica,,,Fornecer dados,,Coleta Interna,diária,Não,,,,,,Bairro,2011-11-01 00:00:00,,Ativa,
SP,Santos-Ponta da Praia,Santos,SP0260,SP0260RA002,MP25,002,3548500,35,CETESB,Pública,CETESB,Pública,-23.9813,-46.30051,Fixa,Referencia,Automatica,radiação Beta,,Fornecer dados,,Coleta Interna,diária,Não,,,,,,Bairro,2011-11-01 00:00:00,,Ativa,
SP,Sorocaba,Sorocaba,SP0067,SP0067RA001,MP10,001,3552205,35,CETESB,Pública,CETESB,Pública,-23.50243,-47.47903,Fixa,Referencia,Automatica,radiação Beta,,Fornecer dados,,Coleta Interna,diária,Não,,,,,,Urbana,2000-01-01 00:00:00,,Ativa,
SP,Sorocaba,Sorocaba,SP0067,SP0067RA017,NO,017,3552205,35,CETESB,Pública,CETESB,Pública,-23.50243,-47.47903,Fixa,Referencia,Automatica,,,Fornecer dados,,Coleta Interna,diária,Não,,,,,,Urbana,2000-01-01 00:00:00,,Ativa,
SP,Sorocaba,Sorocaba,SP0067,SP0067RA005,O3,005,3552205,35,CETESB,Pública,CETESB,Pública,-23.50243,-47.47903,Fixa,Referencia,Automatica,ultravioleta,,Fornecer dados,,Coleta Interna,diária,Não,,,,,,Urbana,2000-01-01 00:00:00,,Ativa,
SP,Sorocaba,Sorocaba,SP0067,SP0067RA003,SO2,003,3552205,35,CETESB,Pública,CETESB,Pública,-23.50243,-47.47903,Fixa,Referencia,Automatica,fluorescência de pulso (ultravioleta),,Fornecer dados,,Coleta Interna,diária,Não,,,,,,Urbana,2000-01-01 00:00:00,,Ativa,
SP,Sorocaba,Sorocaba,SP0067,SP0067RA004,NO2,004,3552205,35,CETESB,Pública,CETESB,Pública,-23.50243,-47.47903,Fixa,Referencia,Automatica,,,Fornecer dados,,Coleta Interna,diária,Não,,,,,,Urbana,2000-01-01 00:00:00,,Ativa,
SP,Sorocaba,Sorocaba,SP0067,SP0067RA018,NOX,018,3552205,35,CETESB,Pública,CETESB,Pública,-23.50243,-47.47903,Fixa,Referencia,Automatica,,,Fornecer dados,,Coleta Interna,diária,Não,,,,,,Urbana,2000-01-01 00:00:00,,Ativa,
SP,Sorocaba - Centro,Sorocaba,SP1014,SP1014RM006,FMC,006,3552205,35,CETESB,Pública,CETESB,Pública,-23.500526,-47.453488,Fixa,Referencia,Manual,,,Fornecer dados,,Coleta Interna,,Não,,,Nao,,,Média,1986-07-01 00:00:00,,Sim,
SP,São Bernardo do Campo,São Bernardo do Campo,SP1015,SP1015RM008,PTS,008,3548708,35,CETESB,Pública,CETESB,Pública,-23.671354,-46.584665,Fixa,Referencia,Manual,gravimétrico / amostrador de grandes volumes,,Fornecer dados,,Coleta Interna,,Não,,,Nao,,,Bairro,2008-12-01 00:00:00,,Sim,
SP,São Bernardo do Campo-Paulicéia,São Bernardo do Campo,SP1016,SP1016RA001,MP10,001,3548708,35,CETESB,Pública,CETESB,Pública,-23.671354,-46.584665,Fixa,Referencia,Automático,,,Fornecer dados,,Coleta Interna,diária,Não,,,Nao,,,Bairro,1998-01-01 00:00:00,,Sim,
SP,São Caetano do Sul,São Caetano do Sul,SP0086,SP0086RA001,MP10,001,3548807,35,CETESB,Pública,CETESB,Pública,-23.61844,-46.55635,Fixa,Referencia,Automatica,radiação Beta,,Fornecer dados,,Coleta Interna,diária,Não,,,,,,Media,1981,,Ativa,
SP,São Caetano do Sul,São Caetano do Sul,SP0086,SP0086RA017,NO,017,3548807,35,CETESB,Pública,CETESB,Pública,-23.61844,-46.55635,Fixa,Referencia,Automatica,,,Fornecer dados,,Coleta Interna,diária,Não,,,,,,Media,1981,,Ativa,
SP,São Caetano do Sul,São Caetano do Sul,SP0086,SP0086RA007,CO,007,3548807,35,CETESB,Pública,CETESB,Pública,-23.61844,-46.55635,Fixa,Referencia,Automatica,infravermelho não dispersivo (GFC),,Fornecer dados,,Coleta Interna,diária,Não,,,,,,Media,1981,,Ativa,
SP,São Caetano do Sul,São Caetano do Sul,SP0086,SP0086RA005,O3,005,3548807,35,CETESB,Pública,CETESB,Pública,-23.61844,-46.55635,Fixa,Referencia,Automatica,ultravioleta,,Fornecer dados,,Coleta Interna,diária,Não,,,,,,Media,1981,,Ativa,
SP,São Caetano do Sul,São Caetano do Sul,SP0086,SP0086RA003,SO2,003,3548807,35,CETESB,Pública,CETESB,Pública,-23.61844,-46.55635,Fixa,Referencia,Automatica,fluorescência de pulso (ultravioleta),,Fornecer dados,,Coleta Interna,diária,Não,,,,,,Media,1981,,Ativa,
SP,São Caetano do Sul,São Caetano do Sul,SP0086,SP0086RA004,NO2,004,3548807,35,CETESB,Pública,CETESB,Pública,-23.61844,-46.55635,Fixa,Referencia,Automatica,,,Fornecer dados,,Coleta Interna,diária,Não,,,,,,Media,1981,,Ativa,
SP,São Caetano do Sul,São Caetano do Sul,SP0086,SP0086RA018,NOX,018,3548807,35,CETESB,Pública,CETESB,Pública,-23.61844,-46.55635,Fixa,Referencia,Automatica,,,Fornecer dados,,Coleta Interna,diária,Não,,,,,,Media,1981,,Ativa,
SP,São Caetano do Sul,São Caetano do Sul,SP0086,SP0086RA002,MP25,002,3548807,35,CETESB,Pública,CETESB,Pública,-23.61844,-46.55635,Fixa,Referencia,Automatica,radiação Beta,,Fornecer dados,,Coleta Interna,diária,Não,,,,,,Media,1981,,Ativa,
SP,São José Do Rio Preto,São José do Rio Preto,SP0116,SP0116RA001,MP10,001,3549805,35,CETESB,Pública,CETESB,Pública,-20.78469,-49.39828,Fixa,Referencia,Automatica,radiação Beta,,Fornecer dados,,Coleta Interna,diária,Não,,,,,,Urbana,2008-04-01 00:00:00,,Ativa,
SP,São José Do Rio Preto,São José do Rio Preto,SP0116,SP0116RA017,NO,017,3549805,35,CETESB,Pública,CETESB,Pública,-20.78469,-49.39828,Fixa,Referencia,Automatica,,,Fornecer dados,,Coleta Interna,diária,Não,,,,,,Urbana,2008-04-01 00:00:00,,Ativa,
SP,São José Do Rio Preto,São José do Rio Preto,SP0116,SP0116RA005,O3,005,3549805,35,CETESB,Pública,CETESB,Pública,-20.78469,-49.39828,Fixa,Referencia,Automatica,ultravioleta,,Fornecer dados,,Coleta Interna,diária,Não,,,,,,Urbana,2008-04-01 00:00:00,,Ativa,
SP,São José Do Rio Preto,São José do Rio Preto,SP0116,SP0116RA004,NO2,004,3549805,35,CETESB,Pública,CETESB,Pública,-20.78469,-49.39828,Fixa,Referencia,Automatica,,,Fornecer dados,,Coleta Interna,diária,Não,,,,,,Urbana,2008-04-01 00:00:00,,Ativa,
SP,São José Do Rio Preto,São José do Rio Preto,SP0116,SP0116RA018,NOX,018,3549805,35,CETESB,Pública,CETESB,Pública,-20.78469,-49.39828,Fixa,Referencia,Automatica,,,Fornecer dados,,Coleta Interna,diária,Não,,,,,,Urbana,2008-04-01 00:00:00,,Ativa,
SP,São José Do Rio Preto,São José do Rio Preto,SP0116,SP0116RA002,MP25,002,3549805,35,CETESB,Pública,CETESB,Pública,-20.78469,-49.39828,Fixa,Referencia,Automatica,radiação Beta,,Fornecer dados,,Coleta Interna,diária,Não,,,,,,Urbana,2008-04-01 00:00:00,,Ativa,
SP,São Sebastião,São Sebastião,SP0294,SP0294RA001,MP10,001,3550704,35,CETESB,Pública,CETESB,Pública,-23.80523,-45.40005,Fixa,Referencia,Automatica,radiação Beta,,Fornecer dados,,Coleta Interna,diária,Não,,,,,,Bairro,2019-11-01 00:00:00,,Ativa,
SP,São Sebastião,São Sebastião,SP0294,SP0294RA005,O3,005,3550704,35,CETESB,Pública,CETESB,Pública,-23.80523,-45.40005,Fixa,Referencia,Automatica,ultravioleta,,Fornecer dados,,Coleta Interna,diária,Não,,,,,,Bairro,2019-11-01 00:00:00,,Ativa,
SP,São Sebastião,São Sebastião,SP0294,SP0294RA002,MP25,002,3550704,35,CETESB,Pública,CETESB,Pública,-23.80523,-45.40005,Fixa,Referencia,Automatica,radiação Beta,,Fornecer dados,,Coleta Interna,diária,Não,,,,,,Bairro,2019-11-01 00:00:00,,Ativa,
SP,São Sebastião,São Sebastião,SP0294,SP0294RA001,MP10,001,3550704,35,CETESB,Pública,CETESB,Pública,-23.80523,-45.40005,Fixa,Referencia,Automatica,radiação Beta,,Fornecer dados,,Coleta Interna,diária,Não,,,,,,Bairro,2019-11-01 00:00:00,,Ativa,
SP,São Sebastião,São Sebastião,SP0294,SP0294RA005,O3,005,3550704,35,CETESB,Pública,CETESB,Pública,-23.80523,-45.40005,Fixa,Referencia,Automatica,ultravioleta,,Fornecer dados,,Coleta Interna,diária,Não,,,,,,Bairro,2019-11-01 00:00:00,,Ativa,
SP,São Sebastião,São Sebastião,SP0294,SP0294RA002,MP25,002,3550704,35,CETESB,Pública,CETESB,Pública,-23.80523,-45.40005,Fixa,Referencia,Automatica,radiação Beta,,Fornecer dados,,Coleta Interna,diária,Não,,,,,,Bairro,2019-11-01 00:00:00,,Ativa,
SP,Taboão da Serra,Taboão da Serra,SP0103,SP0103RA001,MP10,001,3552809,35,CETESB,Pública,CETESB,Pública,-23.60932,-46.75829,Fixa,Referencia,Automatica,radiação Beta,,Fornecer dados,,Coleta Interna,diária,Não,,,,,,Micro,1981,,Ativa,
SP,Taboão da Serra,Taboão da Serra,SP0103,SP0103RA017,NO,017,3552809,35,CETESB,Pública,CETESB,Pública,-23.60932,-46.75829,Fixa,Referencia,Automatica,,,Fornecer dados,,Coleta Interna,diária,Não,,,,,,Micro,1981,,Ativa,
SP,Taboão da Serra,Taboão da Serra,SP0103,SP0103RA007,CO,007,3552809,35,CETESB,Pública,CETESB,Pública,-23.60932,-46.75829,Fixa,Referencia,Automatica,infravermelho não dispersivo (GFC),,Fornecer dados,,Coleta Interna,diária,Não,,,,,,Micro,1981,,Ativa,
SP,Taboão da Serra,Taboão da Serra,SP0103,SP0103RA004,NO2,004,3552809,35,CETESB,Pública,CETESB,Pública,-23.60932,-46.75829,Fixa,Referencia,Automatica,,,Fornecer dados,,Coleta Interna,diária,Não,,,,,,Micro,1981,,Ativa,
SP,Taboão da Serra,Taboão da Serra,SP0103,SP0103RA018,NOX,018,3552809,35,CETESB,Pública,CETESB,Pública,-23.60932,-46.75829,Fixa,Referencia,Automatica,,,Fornecer dados,,Coleta Interna,diária,Não,,,,,,Micro,1981,,Ativa,
SP,Taboão da Serra,Taboão da Serra,SP0103,SP0103RA002,MP25,002,3552809,35,CETESB,Pública,CETESB,Pública,-23.60932,-46.75829,Fixa,Referencia,Automatica,radiação Beta,,Fornecer dados,,Coleta Interna,diária,Não,,,,,,Micro,1981,,Ativa,
SP,Tatuapé,São Paulo,SP1017,SP1017RM006,FMC,006,3550308,35,CETESB,Pública,CETESB,Pública,-23.536456,-46.571978,Fixa,Referencia,Manual,,,Fornecer dados,,Coleta Interna,,Não,,,Nao,,,Média,1989-01-01 00:00:00,,Sim,
SP,Tatuí,Tatuí,SP0256,SP0256RA001,MP10,001,3554003,35,CETESB,Pública,CETESB,Pública,-23.36075,-47.8708,Fixa,Referencia,Automatica,radiação Beta,,Fornecer dados,,Coleta Interna,diária,Não,,,,,,Urbana,2011-01-01 00:00:00,,Ativa,
SP,Tatuí,Tatuí,SP0256,SP0256RA017,NO,017,3554003,35,CETESB,Pública,CETESB,Pública,-23.36075,-47.8708,Fixa,Referencia,Automatica,,,Fornecer dados,,Coleta Interna,diária,Não,,,,,,Urbana,2011-01-01 00:00:00,,Ativa,
SP,Tatuí,Tatuí,SP0256,SP0256RA005,O3,005,3554003,35,CETESB,Pública,CETESB,Pública,-23.36075,-47.8708,Fixa,Referencia,Automatica,ultravioleta,,Fornecer dados,,Coleta Interna,diária,Não,,,,,,Urbana,2011-01-01 00:00:00,,Ativa,
SP,Tatuí,Tatuí,SP0256,SP0256RA004,NO2,004,3554003,35,CETESB,Pública,CETESB,Pública,-23.36075,-47.8708,Fixa,Referencia,Automatica,,,Fornecer dados,,Coleta Interna,diária,Não,,,,,,Urbana,2011-01-01 00:00:00,,Ativa,
SP,Tatuí,Tatuí,SP0256,SP0256RA018,NOX,018,3554003,35,CETESB,Pública,CETESB,Pública,-23.36075,-47.8708,Fixa,Referencia,Automatica,,,Fornecer dados,,Coleta Interna,diária,Não,,,,,,Urbana,2011-01-01 00:00:00,,Ativa,
SP,Taubaté,Taubaté,SP0280,SP0280RA001,MP10,001,3554102,35,CETESB,Pública,CETESB,Pública,-23.03235,-45.57581,Fixa,Referencia,Automatica,radiação Beta,,Fornecer dados,,Coleta Interna,diária,Não,,,,,,Bairro,2015-10-01 00:00:00,,Ativa,
SP,Taubaté,Taubaté,SP0280,SP0280RA017,NO,017,3554102,35,CETESB,Pública,CETESB,Pública,-23.03235,-45.57581,Fixa,Referencia,Automatica,,,Fornecer dados,,Coleta Interna,diária,Não,,,,,,Bairro,2015-10-01 00:00:00,,Ativa,
SP,Taubaté,Taubaté,SP0280,SP0280RA007,CO,007,3554102,35,CETESB,Pública,CETESB,Pública,-23.03235,-45.57581,Fixa,Referencia,Automatica,infravermelho não dispersivo (GFC),,Fornecer dados,,Coleta Interna,diária,Não,,,,,,Bairro,2015-10-01 00:00:00,,Ativa,
SP,Taubaté,Taubaté,SP0280,SP0280RA005,O3,005,3554102,35,CETESB,Pública,CETESB,Pública,-23.03235,-45.57581,Fixa,Referencia,Automatica,ultravioleta,,Fornecer dados,,Coleta Interna,diária,Não,,,,,,Bairro,2015-10-01 00:00:00,,Ativa,
SP,Taubaté,Taubaté,SP0280,SP0280RA003,SO2,003,3554102,35,CETESB,Pública,CETESB,Pública,-23.03235,-45.57581,Fixa,Referencia,Automatica,fluorescência de pulso (ultravioleta),,Fornecer dados,,Coleta Interna,diária,Não,,,,,,Bairro,2015-10-01 00:00:00,,Ativa,
SP,Taubaté,Taubaté,SP0280,SP0280RA004,NO2,004,3554102,35,CETESB,Pública,CETESB,Pública,-23.03235,-45.57581,Fixa,Referencia,Automatica,,,Fornecer dados,,Coleta Interna,diária,Não,,,,,,Bairro,2015-10-01 00:00:00,,Ativa,
SP,Taubaté,Taubaté,SP0280,SP0280RA018,NOX,018,3554102,35,CETESB,Pública,CETESB,Pública,-23.03235,-45.57581,Fixa,Referencia,Automatica,,,Fornecer dados,,Coleta Interna,diária,Não,,,,,,Bairro,2015-10-01 00:00:00,,Ativa,
SP,Taubaté,Taubaté,SP0280,SP0280RA002,MP25,002,3554102,35,CETESB,Pública,CETESB,Pública,-23.03235,-45.57581,Fixa,Referencia,Automatica,radiação Beta,,Fornecer dados,,Coleta Interna,diária,Não,,,,,,Bairro,2015-10-01 00:00:00,,Ativa,
